Date,Close,Change,Momentum
2010-01-04,30.95000076293945,0.0,0
2010-01-05,30.959999084472656,0.0003230475375360571,1
2010-01-06,30.770000457763672,0.006136906728924105,0
2010-01-07,30.45000076293945,0.010399729933818776,0
2010-01-08,30.65999984741211,0.006896521484762939,1
2010-01-11,30.270000457763672,0.012720136711982268,0
2010-01-12,30.06999969482422,0.006607226954572338,0
2010-01-13,30.35000038146973,0.009311629181483042,1
2010-01-14,30.959999084472656,0.02009880380019245,1
2010-01-15,30.86000061035156,0.0032299249702255144,0
2010-01-19,31.10000038146973,0.007777050109249401,1
2010-01-20,30.59000015258789,0.016398720984766038,0
2010-01-21,30.01000022888184,0.01896044200107608,0
2010-01-22,28.959999084472656,0.03498837508833654,0
2010-01-25,29.31999969482422,0.012430960695181178,1
2010-01-26,29.5,0.006139164633332388,1
2010-01-27,29.670000076293945,0.005762714450642214,1
2010-01-28,29.15999984741211,0.0171890875487163,0
2010-01-29,28.18000030517578,0.0336076662333488,0
2010-02-01,28.40999984741211,0.008161800558748909,1
2010-02-02,28.459999084472656,0.0017599168366451558,1
2010-02-03,28.6299991607666,0.005973298726727464,1
2010-02-04,27.84000015258789,0.027593399627524048,0
2010-02-05,28.020000457763672,0.006465528167716234,1
2010-02-08,27.71999931335449,0.010706678783299594,0
2010-02-09,28.01000022888184,0.010461793748589271,1
2010-02-10,27.989999771118164,0.0007140470403514112,0
2010-02-11,28.1200008392334,0.004644554097116414,1
2010-02-12,27.93000030517578,0.006756775547194363,0
2010-02-16,28.35000038146973,0.015037596552267761,1
2010-02-17,28.59000015258789,0.008465600278264207,1
2010-02-18,28.96999931335449,0.01329133119057369,1
2010-02-19,28.770000457763672,0.006903654136388674,0
2010-02-22,28.729999542236328,0.001390368956930252,0
2010-02-23,28.32999992370605,0.013922715798941542,0
2010-02-24,28.6299991607666,0.010589454213500236,1
2010-02-25,28.60000038146973,0.001047809297108907,0
2010-02-26,28.670000076293945,0.002447541744424899,1
2010-03-01,29.020000457763672,0.012207896077374887,1
2010-03-02,28.459999084472656,0.01929708354436636,0
2010-03-03,28.459999084472656,0.0,0
2010-03-04,28.6299991607666,0.005973298726727464,1
2010-03-05,28.59000015258789,0.0013971012696893114,0
2010-03-08,28.6299991607666,0.0013990558924530238,1
2010-03-09,28.79999923706055,0.00593783029260127,1
2010-03-10,28.96999931335449,0.005902780583243138,1
2010-03-11,29.18000030517578,0.007248912557774452,1
2010-03-12,29.270000457763672,0.0030843095149634702,1
2010-03-15,29.290000915527344,0.0006833091032073041,1
2010-03-16,29.3700008392334,0.002731304923368738,1
2010-03-17,29.6299991607666,0.008852513248344513,1
2010-03-18,29.61000061035156,0.0006749426588416145,0
2010-03-19,29.59000015258789,0.0006754629298006913,0
2010-03-22,29.60000038146973,0.0003379597441794838,1
2010-03-23,29.8799991607666,0.009459418097580736,1
2010-03-24,29.649999618530273,0.007697441388764325,0
2010-03-25,30.01000022888184,0.012141673355252845,1
2010-03-26,29.65999984741211,0.011662791696112259,0
2010-03-29,29.59000015258789,0.002360070640065305,0
2010-03-30,29.770000457763672,0.006083146476768056,1
2010-03-31,29.290000915527344,0.0161235987522852,0
2010-04-01,29.15999984741211,0.004438411200127947,0
2010-04-05,29.270000457763672,0.00377231176019107,1
2010-04-06,29.31999969482422,0.001708207594075555,1
2010-04-07,29.35000038146973,0.0010232157898285145,1
2010-04-08,29.920000076293945,0.019420772995426855,1
2010-04-09,30.34000015258789,0.014037435669217044,1
2010-04-12,30.31999969482422,0.0006592108656257178,0
2010-04-13,30.45000076293945,0.004287634215821667,1
2010-04-14,30.81999969482422,0.012151031941355256,1
2010-04-15,30.8700008392334,0.0016223603148697197,1
2010-04-16,30.670000076293945,0.006478806527444843,0
2010-04-19,31.040000915527344,0.012063933430485601,1
2010-04-20,31.36000061035156,0.010309268214748655,1
2010-04-21,31.32999992370605,0.0009566545300259002,0
2010-04-22,31.38999938964844,0.0019150803092403115,1
2010-04-23,30.959999084472656,0.013698640125414819,0
2010-04-26,31.11000061035156,0.004845010669077598,1
2010-04-27,30.85000038146973,0.008357448530403313,0
2010-04-28,30.90999984741211,0.0019448773160605328,1
2010-04-29,31.0,0.0029116840191581476,1
2010-04-30,30.540000915527344,0.014838680144279234,0
2010-05-03,30.86000061035156,0.010478051251842592,1
2010-05-04,30.1299991607666,0.02365526361461213,0
2010-05-05,29.85000038146973,0.009293023136272381,0
2010-05-06,28.979999542236328,0.029145756385768114,0
2010-05-07,28.209999084472656,0.02657006452472333,0
2010-05-10,28.940000534057614,0.02587740068331887,1
2010-05-11,28.8799991607666,0.0020733024251468253,0
2010-05-12,29.440000534057614,0.019390629832558043,1
2010-05-13,29.239999771118164,0.006793504052694532,0
2010-05-14,28.93000030517578,0.01060189700304256,0
2010-05-17,28.940000534057614,0.00034566985054760864,1
2010-05-18,28.60000038146973,0.011748450114496692,0
2010-05-19,28.239999771118164,0.012587433760483954,0
2010-05-20,27.11000061035156,0.04001413491236239,0
2010-05-21,26.84000015258789,0.00995944122777233,0
2010-05-24,26.270000457763672,0.021236948270630312,0
2010-05-25,26.06999969482422,0.007613275959435553,0
2010-05-26,25.01000022888184,0.04065974216918864,0
2010-05-27,26.0,0.0395841568195948,1
2010-05-28,25.79999923706055,0.0076923370361326755,0
2010-06-01,25.88999938964844,0.0034883781104384456,1
2010-06-02,26.459999084472656,0.022016211211349713,1
2010-06-03,26.86000061035156,0.015117216164744046,1
2010-06-04,25.790000915527344,0.03983617537267846,0
2010-06-07,25.290000915527344,0.019387358753406084,0
2010-06-08,25.11000061035156,0.0071174495318135685,0
2010-06-09,24.790000915527344,0.01274391425909786,0
2010-06-10,25.0,0.008471120480722624,1
2010-06-11,25.65999984741211,0.026399993896484376,1
2010-06-14,25.5,0.006235379905048825,0
2010-06-15,26.57999992370605,0.04235293818455103,1
2010-06-16,26.31999969482422,0.009781799459297386,0
2010-06-17,26.3700008392334,0.001899739551251299,1
2010-06-18,26.440000534057614,0.0026545200074498806,1
2010-06-21,25.95000076293945,0.01853251744405189,0
2010-06-22,25.770000457763672,0.006936427741183173,0
2010-06-23,25.309999465942386,0.01785025159682145,0
2010-06-24,25.0,0.01224810242922081,0
2010-06-25,24.53000068664551,0.018799972534179546,0
2010-06-28,24.309999465942386,0.008968659378101724,0
2010-06-29,23.309999465942386,0.04113533615666966,0
2010-06-30,23.01000022888184,0.01286998043474294,0
2010-07-01,23.15999984741211,0.006518888180713375,1
2010-07-02,23.270000457763672,0.004749594606057561,1
2010-07-06,23.81999969482422,0.023635549043448695,1
2010-07-07,24.29999923706055,0.020151114541812083,1
2010-07-08,24.40999984741211,0.004526774230667226,1
2010-07-09,24.270000457763672,0.0057353293946570795,0
2010-07-12,24.82999992370605,0.02307373116522717,1
2010-07-13,25.1299991607666,0.012082127989623185,1
2010-07-14,25.440000534057614,0.01233590862091996,1
2010-07-15,25.51000022888184,0.002751560273377914,1
2010-07-16,24.88999938964844,0.024304227113704516,0
2010-07-19,25.229999542236328,0.013660110925084656,1
2010-07-20,25.479999542236328,0.009908838863888485,1
2010-07-21,25.1200008392334,0.014128677765719196,0
2010-07-22,25.84000015258789,0.02866239208997036,1
2010-07-23,25.809999465942386,0.0011610172781868066,0
2010-07-26,26.10000038146973,0.011235990760480827,1
2010-07-27,26.15999984741211,0.0022988300791358302,1
2010-07-28,25.95000076293945,0.00802748798538063,0
2010-07-29,26.03000068664551,0.0030828486070919067,1
2010-07-30,25.809999465942386,0.0084518330733658,0
2010-08-02,26.32999992370605,0.020147247908696472,1
2010-08-03,26.15999984741211,0.006456516399032848,0
2010-08-04,25.729999542236328,0.016437320630119164,0
2010-08-05,25.3700008392334,0.013991399510597906,0
2010-08-06,25.54999923706055,0.007094930700545888,1
2010-08-09,25.61000061035156,0.0023483904141952333,1
2010-08-10,25.06999969482422,0.02108554871760026,0
2010-08-11,24.86000061035156,0.00837650925524402,0
2010-08-12,24.489999771118164,0.014883380134726494,0
2010-08-13,24.399999618530273,0.0036749756402215516,0
2010-08-16,24.5,0.004098376353816929,1
2010-08-17,24.709999084472656,0.00857139120296556,1
2010-08-18,24.81999969482422,0.004451663878072947,1
2010-08-19,24.440000534057614,0.015310200057973705,0
2010-08-20,24.229999542236328,0.00859251175255275,0
2010-08-23,24.28000068664551,0.0020636048433275516,1
2010-08-24,24.040000915527344,0.009884669041635255,0
2010-08-25,24.10000038146973,0.002495817955798535,1
2010-08-26,23.81999969482422,0.011618285569024361,0
2010-08-27,23.93000030517578,0.004617993776694473,1
2010-08-30,23.63999938964844,0.012118717585833726,0
2010-08-31,23.46999931335449,0.007191204766629249,0
2010-09-01,23.899999618530273,0.018321274723306597,1
2010-09-02,23.940000534057614,0.001673678500660999,1
2010-09-03,24.290000915527344,0.014619898649200581,1
2010-09-07,23.959999084472656,0.0135859126643233,0
2010-09-08,23.93000030517578,0.001252035911650589,0
2010-09-09,24.01000022888184,0.0033430807641383602,1
2010-09-10,23.85000038146973,0.006663883627108181,0
2010-09-13,25.11000061035156,0.052830197430973065,1
2010-09-14,25.03000068664551,0.0031859785647742173,0
2010-09-15,25.1200008392334,0.003595691175346459,1
2010-09-16,25.32999992370605,0.008359835886019077,1
2010-09-17,25.21999931335449,0.004342700777058203,0
2010-09-20,25.43000030517578,0.008326764375052656,1
2010-09-21,25.149999618530273,0.011010644250307742,0
2010-09-22,24.61000061035156,0.02147113385166211,0
2010-09-23,24.43000030517578,0.007314112178447701,0
2010-09-24,24.78000068664551,0.014326663000310255,1
2010-09-27,24.729999542236328,0.0020178023819075177,0
2010-09-28,24.68000030517578,0.0020218050135889917,0
2010-09-29,24.5,0.007293367218396362,0
2010-09-30,24.489999771118164,0.000408172607421875,0
2010-10-01,24.3799991607666,0.004491654200882832,0
2010-10-04,23.90999984741211,0.019278069299970953,0
2010-10-05,24.35000038146973,0.018402364569870294,1
2010-10-06,24.43000030517578,0.003285417759867093,1
2010-10-07,24.53000068664551,0.004093343439236219,1
2010-10-08,24.56999969482422,0.0016306158605402497,1
2010-10-11,24.59000015258789,0.0008140194551115547,1
2010-10-12,24.82999992370605,0.009760055698613022,1
2010-10-13,25.34000015258789,0.020539679035396403,1
2010-10-14,25.229999542236328,0.0043409869648453215,0
2010-10-15,25.540000915527344,0.012287014622099269,1
2010-10-18,25.81999969482422,0.010963146799522878,1
2010-10-19,25.10000038146973,0.02788533392193715,0
2010-10-20,25.309999465942386,0.008366497262194853,1
2010-10-21,25.420000076293945,0.00434613246434785,1
2010-10-22,25.3799991607666,0.0015736001340396375,0
2010-10-25,25.190000534057614,0.007486155752230885,0
2010-10-26,25.899999618530273,0.028185751068671886,1
2010-10-27,26.04999923706055,0.0057914911482453875,1
2010-10-28,26.28000068664551,0.0088292305689493,1
2010-10-29,26.670000076293945,0.014840159035711772,1
2010-11-01,26.95000076293945,0.01049871337999685,1
2010-11-02,27.38999938964844,0.016326479193056638,1
2010-11-03,27.03000068664551,0.01314343596294437,0
2010-11-04,27.13999938964844,0.004069504262250198,1
2010-11-05,26.85000038146973,0.01068529899412306,0
2010-11-08,26.809999465942386,0.0014897919910254452,0
2010-11-09,26.95000076293945,0.005221980596266382,1
2010-11-10,26.940000534057614,0.000371065996242488,0
2010-11-11,26.68000030517578,0.009651084770883337,0
2010-11-12,26.270000457763672,0.015367310446865757,0
2010-11-15,26.20000076293945,0.0026646248041284305,0
2010-11-16,25.809999465942386,0.014885545253446318,0
2010-11-17,25.56999969482422,0.009298712750260207,0
2010-11-18,25.84000015258789,0.010559267148459306,1
2010-11-19,25.690000534057614,0.005804938763332571,0
2010-11-22,25.729999542236328,0.0015569874405291357,1
2010-11-23,25.1200008392334,0.023707684176270744,0
2010-11-24,25.3700008392334,0.009952228966869309,1
2010-11-26,25.25,0.004730028981623971,0
2010-11-29,25.309999465942386,0.0023762164729657967,1
2010-11-30,25.26000022888184,0.0019754736513458563,0
2010-12-01,26.040000915527344,0.03087888676080316,1
2010-12-02,26.88999938964844,0.0326420293485571,1
2010-12-03,27.020000457763672,0.0048345508020084214,1
2010-12-06,26.84000015258789,0.006661743231912554,0
2010-12-07,26.8700008392334,0.001117760300855109,1
2010-12-08,27.229999542236328,0.013397792771085021,1
2010-12-09,27.07999992370605,0.005508616270727925,0
2010-12-10,27.34000015258789,0.009601190163011529,1
2010-12-13,27.25,0.003291885592011293,0
2010-12-14,27.6200008392334,0.013578012448932053,1
2010-12-15,27.85000038146973,0.00832728223199849,1
2010-12-16,27.989999771118164,0.0050269079975160036,1
2010-12-17,27.899999618530273,0.003215439561409301,0
2010-12-20,27.809999465942386,0.0032258119648185192,0
2010-12-21,28.06999969482422,0.009349163389961319,1
2010-12-22,28.190000534057614,0.004275056663271772,1
2010-12-23,28.29999923706055,0.0039020468577161747,1
2010-12-27,28.06999969482422,0.008127192524271642,0
2010-12-28,28.01000022888184,0.0021374943567755884,0
2010-12-29,27.96999931335449,0.0014280940807028224,0
2010-12-30,27.85000038146973,0.004290272964985885,0
2010-12-31,27.90999984741211,0.0021543793580089316,1
2011-01-03,27.979999542236328,0.00250805070608803,1
2011-01-04,28.09000015258789,0.003931401434996971,1
2011-01-05,28.0,0.0032039925987540105,0
2011-01-06,28.81999969482422,0.02928570338657924,1
2011-01-07,28.60000038146973,0.007633564041778887,0
2011-01-10,28.21999931335449,0.013286750456180012,0
2011-01-11,28.11000061035156,0.0038978988546918654,0
2011-01-12,28.54999923706055,0.0156527434064502,1
2011-01-13,28.190000534057614,0.01260941200081102,0
2011-01-14,28.29999923706055,0.0039020468577161747,1
2011-01-18,28.65999984741211,0.012720869966671818,1
2011-01-19,28.46999931335449,0.006629467378548401,0
2011-01-20,28.35000038146973,0.004214925703509601,0
2011-01-21,28.020000457763672,0.011640208792439892,0
2011-01-24,28.3799991607666,0.012847919240600249,1
2011-01-25,28.45000076293945,0.0024665822495731574,1
2011-01-26,28.78000068664551,0.011599294019560731,1
2011-01-27,28.8700008392334,0.003127176874239927,1
2011-01-28,27.75,0.03879462440857825,0
2011-01-31,27.729999542236328,0.0007207372167088964,0
2011-02-01,27.989999771118164,0.009376135347056981,1
2011-02-02,27.940000534057614,0.0017863250257023145,0
2011-02-03,27.649999618530273,0.010379416964356963,0
2011-02-04,27.770000457763672,0.004339994245532545,1
2011-02-07,28.20000076293945,0.01548434634813131,1
2011-02-08,28.28000068664551,0.002836876650414776,1
2011-02-09,27.96999931335449,0.0109618587611072,0
2011-02-10,27.5,0.01680369413273757,0
2011-02-11,27.25,0.00909090909090909,0
2011-02-14,27.229999542236328,0.0007339617527952982,0
2011-02-15,26.959999084472656,0.009915551314823762,0
2011-02-16,27.020000457763672,0.002225570301505419,1
2011-02-17,27.209999084472656,0.007031777331239533,1
2011-02-18,27.059999465942386,0.0055126653280876785,0
2011-02-22,26.59000015258789,0.017368785019601908,0
2011-02-23,26.59000015258789,0.0,0
2011-02-24,26.770000457763672,0.006769473642077531,1
2011-02-25,26.54999923706055,0.008218200109866567,0
2011-02-28,26.57999992370605,0.0011299693976496775,1
2011-03-01,26.15999984741211,0.015801357317512782,0
2011-03-02,26.07999992370605,0.003058101076937593,0
2011-03-03,26.20000076293945,0.004601259186520194,1
2011-03-04,25.95000076293945,0.009541984454963497,0
2011-03-07,25.71999931335449,0.00886325405868342,0
2011-03-08,25.90999984741211,0.0073872682398932864,1
2011-03-09,25.88999938964844,0.0007719204122521818,0
2011-03-10,25.40999984741211,0.01853995958100521,0
2011-03-11,25.68000030517578,0.010625755977372435,1
2011-03-14,25.690000534057614,0.00038941700790466296,1
2011-03-15,25.38999938964844,0.011677739905511353,0
2011-03-16,24.790000915527344,0.02363129139600208,0
2011-03-17,24.78000068664551,0.00040339768102100755,0
2011-03-18,24.79999923706055,0.0008070439814723945,1
2011-03-21,25.32999992370605,0.021370996086704706,1
2011-03-22,25.29999923706055,0.001184393475557156,0
2011-03-23,25.540000915527344,0.009486232636530215,1
2011-03-24,25.809999465942386,0.010571595173706271,1
2011-03-25,25.6200008392334,0.00736143474003945,0
2011-03-28,25.40999984741211,0.0081967597557492,0
2011-03-29,25.489999771118164,0.0031483638011199086,1
2011-03-30,25.61000061035156,0.004707761487285837,1
2011-03-31,25.38999938964844,0.008590441837560654,0
2011-04-01,25.479999542236328,0.0035447087338088055,1
2011-04-04,25.54999923706055,0.0027472408195372586,1
2011-04-05,25.78000068664551,0.009002013951191878,1
2011-04-06,26.149999618530273,0.014352169202091137,1
2011-04-07,26.20000076293945,0.0019120896802516428,1
2011-04-08,26.06999969482422,0.004961872684336733,0
2011-04-11,25.979999542236328,0.0034522498519920855,0
2011-04-12,25.63999938964844,0.01308699609617546,0
2011-04-13,25.6299991607666,0.0003900245366572377,0
2011-04-14,25.420000076293945,0.008193487762345096,0
2011-04-15,25.3700008392334,0.0019669251341653186,0
2011-04-18,25.07999992370605,0.011430859516522989,0
2011-04-19,25.149999618530273,0.0027910564209395142,1
2011-04-20,25.76000022888184,0.02425449779737267,1
2011-04-21,25.520000457763672,0.009316761218390146,0
2011-04-25,25.61000061035156,0.0035266516839151272,1
2011-04-26,26.190000534057614,0.022647399839249467,1
2011-04-27,26.3799991607666,0.007254624774135179,1
2011-04-28,26.709999084472656,0.012509474382275336,1
2011-04-29,25.920000076293945,0.029576901357438144,0
2011-05-02,25.65999984741211,0.010030872998323344,0
2011-05-03,25.809999465942386,0.005845659369534443,1
2011-05-04,26.059999465942386,0.00968616835230422,1
2011-05-05,25.790000915527344,0.010360650650354067,0
2011-05-06,25.8700008392334,0.0031019744422687966,1
2011-05-09,25.82999992370605,0.0015462278403440765,0
2011-05-10,25.670000076293945,0.006194341768668084,0
2011-05-11,25.36000061035156,0.012076332879666352,0
2011-05-12,25.31999969482422,0.0015773231295196596,0
2011-05-13,25.03000068664551,0.01145335749107404,0
2011-05-16,24.56999969482422,0.018377985585382794,0
2011-05-17,24.520000457763672,0.002034971008610938,0
2011-05-18,24.690000534057614,0.006933118805881397,1
2011-05-19,24.71999931335449,0.001215017361198288,1
2011-05-20,24.489999771118164,0.009304188860234793,0
2011-05-23,24.170000076293945,0.013066545439563645,0
2011-05-24,24.149999618530273,0.0008274910095382425,0
2011-05-25,24.190000534057614,0.0016563526359912458,1
2011-05-26,24.670000076293945,0.019842890931752157,1
2011-05-27,24.76000022888184,0.00364816182851891,1
2011-05-31,25.01000022888184,0.010096930439781744,1
2011-06-01,24.43000030517578,0.023190720447745842,0
2011-06-02,24.21999931335449,0.00859602902979913,0
2011-06-03,23.90999984741211,0.012799317701526562,0
2011-06-06,24.01000022888184,0.004182366462062258,1
2011-06-07,24.059999465942386,0.0020824338435616653,1
2011-06-08,23.940000534057614,0.0049874868889600195,0
2011-06-09,23.959999084472656,0.0008353613186679842,1
2011-06-10,23.709999084472656,0.010434057159960961,0
2011-06-13,24.040000915527344,0.013918255748512492,1
2011-06-14,24.21999931335449,0.007487453867395014,1
2011-06-15,23.739999771118164,0.01981831361868211,0
2011-06-16,24.0,0.010951989527739991,1
2011-06-17,24.26000022888184,0.010833342870076645,1
2011-06-20,24.46999931335449,0.008656186417617695,1
2011-06-21,24.76000022888184,0.011851284171025007,1
2011-06-22,24.649999618530273,0.004442674044213193,0
2011-06-23,24.6299991607666,0.0008113776094599541,0
2011-06-24,24.29999923706055,0.013398292121410693,0
2011-06-27,25.20000076293945,0.03703710099324957,1
2011-06-28,25.79999923706055,0.023809462537933437,1
2011-06-29,25.6200008392334,0.006976682292633261,0
2011-06-30,26.0,0.014832129130327222,1
2011-07-01,26.020000457763672,0.0007692483755258414,1
2011-07-05,26.03000068664551,0.00038432854365518237,1
2011-07-06,26.32999992370605,0.01152513365911865,1
2011-07-07,26.770000457763672,0.016710996404579136,1
2011-07-08,26.920000076293945,0.005603272916148623,1
2011-07-11,26.6299991607666,0.010772693711198085,0
2011-07-12,26.540000915527344,0.003379581227018973,0
2011-07-13,26.6299991607666,0.003391041527304694,1
2011-07-14,26.46999931335449,0.00600825581879241,0
2011-07-15,26.78000068664551,0.01171142354864447,1
2011-07-18,26.59000015258789,0.007094866661163645,0
2011-07-19,27.540000915527344,0.03572774567460819,1
2011-07-20,27.059999465942386,0.017429245955991508,0
2011-07-21,27.10000038146973,0.0014782304625574273,1
2011-07-22,27.53000068664551,0.015867169709333443,1
2011-07-25,27.90999984741211,0.01380309303627919,1
2011-07-26,28.07999992370605,0.006091009574466359,1
2011-07-27,27.32999992370605,0.026709401781971714,0
2011-07-28,27.71999931335449,0.014270010638022428,1
2011-07-29,27.399999618530273,0.01154400082073779,0
2011-08-01,27.270000457763672,0.004744494984543167,0
2011-08-02,26.79999923706055,0.017235101313293665,0
2011-08-03,26.920000076293945,0.00447764338244648,1
2011-08-04,25.940000534057614,0.036404143367716045,0
2011-08-05,25.68000030517578,0.010023138917844978,0
2011-08-08,24.479999542236328,0.04672900111677935,0
2011-08-09,25.57999992370605,0.044934656946044794,1
2011-08-10,24.20000076293945,0.053948364538019364,0
2011-08-11,25.190000534057614,0.040909080161446815,1
2011-08-12,25.10000038146973,0.003572852349336027,0
2011-08-15,25.51000022888184,0.016334655027128803,1
2011-08-16,25.35000038146973,0.006272044138633962,0
2011-08-17,25.25,0.003944788164296364,0
2011-08-18,24.670000076293945,0.022970294008160582,0
2011-08-19,24.04999923706055,0.025131772894851755,0
2011-08-22,23.979999542236328,0.0029105903137141985,0
2011-08-23,24.71999931335449,0.030859040252056217,1
2011-08-24,24.899999618530273,0.0072815659456164795,1
2011-08-25,24.56999969482422,0.013253009187215923,0
2011-08-26,25.25,0.027676040440449266,1
2011-08-29,25.84000015258789,0.023366342676748142,1
2011-08-30,26.229999542236328,0.015092855547424556,1
2011-08-31,26.60000038146973,0.014106017754122168,1
2011-09-01,26.209999084472656,0.014661702684363839,0
2011-09-02,25.79999923706055,0.01564287911993855,0
2011-09-06,25.51000022888184,0.011240271967223173,0
2011-09-07,26.0,0.019208144520649357,1
2011-09-08,26.21999931335449,0.008461512052095718,1
2011-09-09,25.739999771118164,0.018306619176448605,0
2011-09-12,25.88999938964844,0.005827491059210717,1
2011-09-13,26.040000915527344,0.005793801831408214,1
2011-09-14,26.5,0.017665094788777994,1
2011-09-15,26.989999771118164,0.018490557400685437,1
2011-09-16,27.1200008392334,0.004816638355601164,1
2011-09-19,27.209999084472656,0.00331851926453708,1
2011-09-20,26.979999542236328,0.00845275817622416,0
2011-09-21,25.989999771118164,0.03669383943347927,0
2011-09-22,25.059999465942386,0.03578300551619306,0
2011-09-23,25.059999465942386,0.0,0
2011-09-26,25.440000534057614,0.01516365028784877,1
2011-09-27,25.670000076293945,0.009040862319496475,1
2011-09-28,25.57999992370605,0.00350604411065073,0
2011-09-29,25.45000076293945,0.005082062593992658,0
2011-09-30,24.88999938964844,0.02200398257380362,0
2011-10-03,24.53000068664551,0.014463588261583098,0
2011-10-04,25.34000015258789,0.03302076817239368,1
2011-10-05,25.88999938964844,0.021704784283688366,1
2011-10-06,26.34000015258789,0.017381258151723738,1
2011-10-07,26.25,0.003416862265243691,0
2011-10-10,26.940000534057614,0.026285734630766232,1
2011-10-11,27.0,0.0022271516240890527,1
2011-10-12,26.959999084472656,0.0014815153899016204,0
2011-10-13,27.18000030517578,0.0081602829441427,1
2011-10-14,27.270000457763672,0.0033112638549438224,1
2011-10-17,26.979999542236328,0.01063443016719061,0
2011-10-18,27.309999465942386,0.012231279811159889,1
2011-10-19,27.1299991607666,0.006591003613905546,0
2011-10-20,27.040000915527344,0.00331729627804068,0
2011-10-21,27.15999984741211,0.004437830170924954,1
2011-10-24,27.190000534057614,0.001104590825259626,1
2011-10-25,26.809999465942386,0.013975765378865882,0
2011-10-26,26.59000015258789,0.008205867875304064,0
2011-10-27,27.25,0.02482135553308278,1
2011-10-28,26.979999542236328,0.009908273679400803,0
2011-10-31,26.6299991607666,0.01297258663484453,0
2011-11-01,25.989999771118164,0.024033023275169107,0
2011-11-02,26.01000022888184,0.000769544360900737,1
2011-11-03,26.53000068664551,0.01999232807334837,1
2011-11-04,26.25,0.010554115318453655,0
2011-11-07,26.79999923706055,0.02095235188802097,1
2011-11-08,27.15999984741211,0.013432858977612573,1
2011-11-09,26.20000076293945,0.03534606369168045,0
2011-11-10,26.28000068664551,0.0030534321136060296,1
2011-11-11,26.90999984741211,0.023972570179069265,1
2011-11-14,26.76000022888184,0.005574121864764525,0
2011-11-15,26.739999771118164,0.0007474012553291799,0
2011-11-16,26.06999969482422,0.025056098804369153,0
2011-11-17,25.540000915527344,0.020329834503300656,0
2011-11-18,25.29999923706055,0.00939708965792877,0
2011-11-21,25.0,0.011857677711748638,0
2011-11-22,24.790000915527344,0.00839996337890625,0
2011-11-23,24.46999931335449,0.012908494971955425,0
2011-11-25,24.29999923706055,0.0069472856993976605,0
2011-11-28,24.8700008392334,0.02345685679296335,1
2011-11-29,24.84000015258789,0.001206300186294347,0
2011-11-30,25.57999992370605,0.02979065082819919,1
2011-12-01,25.28000068664551,0.011727882640942386,0
2011-12-02,25.21999931335449,0.002373471980272502,0
2011-12-05,25.70000076293945,0.019032571873655472,1
2011-12-06,25.65999984741211,0.001556455810889442,0
2011-12-07,25.60000038146973,0.0023382488814952347,0
2011-12-08,25.399999618530273,0.00781252968590676,0
2011-12-09,25.70000076293945,0.011811068854911077,1
2011-12-12,25.51000022888184,0.007393016669929417,0
2011-12-13,25.76000022888184,0.009800078312698551,1
2011-12-14,25.59000015258789,0.006599381785072602,0
2011-12-15,25.559999465942386,0.0011723597681366298,0
2011-12-16,26.0,0.017214418750043235,1
2011-12-19,25.53000068664551,0.018076896667480333,0
2011-12-20,26.03000068664551,0.019584801666752208,1
2011-12-21,25.76000022888184,0.010372664258214695,0
2011-12-22,25.809999465942386,0.0019409641543592945,1
2011-12-23,26.03000068664551,0.008523875445771623,1
2011-12-27,26.040000915527344,0.00038418089197219746,1
2011-12-28,25.81999969482422,0.008448587287565758,0
2011-12-29,26.020000457763672,0.00774596302491609,1
2011-12-30,25.959999084472656,0.0023059712619302748,0
2012-01-03,26.770000457763672,0.03120190299912215,1
2012-01-04,27.399999618530273,0.023533774747616528,1
2012-01-05,27.68000030517578,0.010219003304516357,1
2012-01-06,28.11000061035156,0.015534692934789221,1
2012-01-09,27.739999771118164,0.013162605165406556,0
2012-01-10,27.84000015258789,0.003604916448984371,1
2012-01-11,27.71999931335449,0.0043103749488394745,0
2012-01-12,28.0,0.010101035121982026,1
2012-01-13,28.25,0.008928571428571428,1
2012-01-17,28.26000022888184,0.0003539904028969731,1
2012-01-18,28.229999542236328,0.001061595414102316,0
2012-01-19,28.1200008392334,0.0038965180583285194,0
2012-01-20,29.709999084472656,0.056543321400647724,1
2012-01-23,29.729999542236328,0.0006731894439581023,1
2012-01-24,29.34000015258789,0.01311804223523043,0
2012-01-25,29.559999465942386,0.007498272399807436,1
2012-01-26,29.5,0.0020297519291742503,0
2012-01-27,29.229999542236328,0.009152557890293962,0
2012-01-30,29.61000061035156,0.013000378859607663,1
2012-01-31,29.53000068664551,0.00270178730351258,0
2012-02-01,29.88999938964844,0.012190948006504231,1
2012-02-02,29.95000076293945,0.0020074063070000697,1
2012-02-03,30.239999771118164,0.009682771311898038,1
2012-02-06,30.20000076293945,0.0013227185344398392,0
2012-02-07,30.35000038146973,0.004966874660293242,1
2012-02-08,30.65999984741211,0.010214150314530152,1
2012-02-09,30.770000457763672,0.003587756389400218,1
2012-02-10,30.5,0.008774795376889482,0
2012-02-13,30.57999992370605,0.002622948318231185,1
2012-02-14,30.25,0.010791364438501209,0
2012-02-15,30.04999923706055,0.0066115954690727135,0
2012-02-16,31.290000915527344,0.041264615971687076,1
2012-02-17,31.25,0.0012783929164889767,0
2012-02-21,31.440000534057614,0.006080017089843636,1
2012-02-22,31.270000457763672,0.005407127016737417,0
2012-02-23,31.3700008392334,0.003197965462290187,1
2012-02-24,31.479999542236328,0.0035064934670118986,1
2012-02-27,31.35000038146973,0.004129579499903732,0
2012-02-28,31.8700008392334,0.01658693624996026,1
2012-02-29,31.739999771118164,0.00407910463419873,0
2012-03-01,32.290000915527344,0.017328328556248246,1
2012-03-02,32.080001831054695,0.006503532936465993,0
2012-03-05,31.79999923706055,0.008728259913099216,0
2012-03-06,31.559999465942386,0.007547162794848814,0
2012-03-07,31.84000015258789,0.0088720117675434,1
2012-03-08,32.009998321533196,0.005339138446313364,1
2012-03-09,31.989999771118164,0.0006247594958972207,0
2012-03-12,32.040000915527344,0.001563024219034934,1
2012-03-13,32.669998168945305,0.019662835062924423,1
2012-03-14,32.77000045776367,0.0030609823820995606,1
2012-03-15,32.84999847412109,0.002441196681108441,1
2012-03-16,32.59999847412109,0.0076103504296034475,0
2012-03-19,32.200000762939446,0.012269869015459357,0
2012-03-20,31.989999771118164,0.006521769777812625,0
2012-03-21,31.90999984741211,0.0025007791271784183,0
2012-03-22,32.0,0.0028204372616187777,1
2012-03-23,32.009998321533196,0.0003124475479123756,1
2012-03-26,32.59000015258789,0.018119395859653203,1
2012-03-27,32.52000045776367,0.002147888754110983,0
2012-03-28,32.189998626708984,0.010147657638667235,0
2012-03-29,32.11999893188477,0.0021745789938037103,0
2012-03-30,32.259998321533196,0.004358636186299781,1
2012-04-02,32.290000915527344,0.0009300246607304169,1
2012-04-03,31.940000534057614,0.010839280630104439,0
2012-04-04,31.209999084472656,0.022855398790822094,0
2012-04-05,31.520000457763672,0.009932758166764734,1
2012-04-09,31.10000038146973,0.013324875323423156,0
2012-04-10,30.46999931335449,0.02025726882275584,0
2012-04-11,30.35000038146973,0.003938265001278323,0
2012-04-12,30.979999542236328,0.020757797457928388,1
2012-04-13,30.809999465942386,0.005487413776819898,0
2012-04-16,31.07999992370605,0.0087634035197607,1
2012-04-17,31.440000534057614,0.01158303124952631,1
2012-04-18,31.13999938964844,0.009542020970521108,0
2012-04-19,31.01000022888184,0.004174668057630595,0
2012-04-20,32.419998168945305,0.04546913671900697,1
2012-04-23,32.11999893188477,0.009253524182734164,0
2012-04-24,31.920000076293945,0.006226614640148485,0
2012-04-25,32.200000762939446,0.008771951315045549,1
2012-04-26,32.110000610351555,0.00279503572843005,0
2012-04-27,31.979999542236328,0.004048616183249707,0
2012-04-30,32.02000045776367,0.0012508103846128613,1
2012-05-01,32.009998321533196,0.0003123715205335266,0
2012-05-02,31.79999923706055,0.006560421602127319,0
2012-05-03,31.76000022888184,0.0012578304760490387,0
2012-05-04,30.979999542236328,0.024559215397492222,0
2012-05-07,30.649999618530273,0.010652031264756863,0
2012-05-08,30.5,0.004893951725845607,0
2012-05-09,30.76000022888184,0.008524597668257033,1
2012-05-10,30.739999771118164,0.0006502099354633999,0
2012-05-11,31.15999984741211,0.013662982414481255,1
2012-05-14,30.68000030517578,0.01540434995464844,0
2012-05-15,30.209999084472656,0.015319465972229303,0
2012-05-16,29.899999618530273,0.010261485446443341,0
2012-05-17,29.71999931335449,0.006020077172985351,0
2012-05-18,29.270000457763672,0.015141280820575682,0
2012-05-21,29.75,0.016399027493319066,1
2012-05-22,29.76000022888184,0.00033614214728872234,1
2012-05-23,29.11000061035156,0.02184138486327904,0
2012-05-24,29.06999969482422,0.0013741296698261082,0
2012-05-25,29.059999465942386,0.0003440051251054151,0
2012-05-29,29.559999465942386,0.017205781458667534,1
2012-05-30,29.34000015258789,0.007442466756738896,0
2012-05-31,29.190000534057614,0.005112461409344829,0
2012-06-01,28.45000076293945,0.025351139348379414,0
2012-06-04,28.54999923706055,0.0035148847606135893,1
2012-06-05,28.51000022888184,0.001401016085730346,0
2012-06-06,29.35000038146973,0.029463351309865472,1
2012-06-07,29.229999542236328,0.00408861457150662,0
2012-06-08,29.649999618530273,0.014368802014076663,1
2012-06-11,28.899999618530273,0.025295109937582418,0
2012-06-12,29.290000915527344,0.013494854745499961,1
2012-06-13,29.1299991607666,0.005462674966183472,0
2012-06-14,29.34000015258789,0.007209097077631448,1
2012-06-15,30.020000457763672,0.02317656106473479,1
2012-06-18,29.84000015258789,0.005996012739208009,0
2012-06-19,30.70000076293945,0.02882039564188725,1
2012-06-20,30.93000030517578,0.007491841580472645,1
2012-06-21,30.13999938964844,0.025541574773122216,0
2012-06-22,30.70000076293945,0.018580006125791117,1
2012-06-25,29.8700008392334,0.027035827461868136,0
2012-06-26,30.020000457763672,0.005021748052087538,1
2012-06-27,30.170000076293945,0.004996656104030173,1
2012-06-28,29.90999984741211,0.00861783984833765,0
2012-06-29,30.59000015258789,0.022734881599627176,1
2012-07-02,30.559999465942386,0.0009807350930322314,0
2012-07-03,30.76000022888184,0.006544527697467538,1
2012-07-05,30.70000076293945,0.0019505677989577494,0
2012-07-06,30.190000534057614,0.016612384892755443,0
2012-07-09,30.0,0.006293492239036972,0
2012-07-10,29.739999771118164,0.008666674296061197,0
2012-07-11,29.29999923706055,0.014794907109747785,0
2012-07-12,28.6299991607666,0.022866897397269863,0
2012-07-13,29.38999938964844,0.02654559033041514,1
2012-07-16,29.440000534057614,0.0017012979056673157,1
2012-07-17,29.65999984741211,0.007472802627839286,1
2012-07-18,30.45000076293945,0.026635229925541258,1
2012-07-19,30.670000076293945,0.007224936218138157,1
2012-07-20,30.1200008392334,0.017932808467309495,0
2012-07-23,29.28000068664551,0.0278884505040826,0
2012-07-24,29.149999618530273,0.004439927085607306,0
2012-07-25,28.82999992370605,0.010977691218246283,0
2012-07-26,29.15999984741211,0.011446407373546647,1
2012-07-27,29.76000022888184,0.02057614487686559,1
2012-07-30,29.63999938964844,0.004032286233551121,0
2012-07-31,29.46999931335449,0.005735495269724051,0
2012-08-01,29.40999984741211,0.0020359507071718926,0
2012-08-02,29.190000534057614,0.007480425518392318,0
2012-08-03,29.75,0.0191846336312671,1
2012-08-06,29.95000076293945,0.006722714720653767,1
2012-08-07,30.26000022888184,0.01035056621187094,1
2012-08-08,30.32999992370605,0.0023132747618884687,1
2012-08-09,30.5,0.00560501406929039,1
2012-08-10,30.420000076293945,0.002622948318231301,0
2012-08-13,30.38999938964844,0.0009862158635852059,0
2012-08-14,30.1299991607666,0.008555453573664822,0
2012-08-15,30.20000076293945,0.0023233190880403245,1
2012-08-16,30.78000068664551,0.019205295001774324,1
2012-08-17,30.899999618530273,0.0038986006890125214,1
2012-08-20,30.739999771118164,0.005177988653312469,0
2012-08-21,30.79999923706055,0.0019518369027041764,1
2012-08-22,30.540000915527344,0.008441504154985818,0
2012-08-23,30.26000022888184,0.009168326072418175,0
2012-08-24,30.559999465942386,0.009914052702954404,1
2012-08-27,30.690000534057614,0.0042539617273261755,1
2012-08-28,30.6299991607666,0.0019550789262589535,0
2012-08-29,30.649999618530273,0.000652969582489904,1
2012-08-30,30.31999969482422,0.010766718688849328,0
2012-08-31,30.81999969482422,0.01649076533748622,1
2012-09-04,30.38999938964844,0.013951989274288997,0
2012-09-05,30.38999938964844,0.0,0
2012-09-06,31.35000038146973,0.03158937186909876,1
2012-09-07,30.95000076293945,0.01275915833055974,0
2012-09-10,30.71999931335449,0.007431387525533513,0
2012-09-11,30.790000915527344,0.002278698038330498,1
2012-09-12,30.78000068664551,0.00032478819696264726,0
2012-09-13,30.940000534057614,0.0051981755634437415,1
2012-09-14,31.209999084472656,0.008726520547982479,1
2012-09-17,31.209999084472656,0.0,0
2012-09-18,31.18000030517578,0.0009611912905117562,0
2012-09-19,31.04999923706055,0.004169373535690795,0
2012-09-20,31.45000076293945,0.012882497124233958,1
2012-09-21,31.190000534057614,0.00826709769712372,0
2012-09-24,30.78000068664551,0.013145233741320619,0
2012-09-25,30.38999938964844,0.01267060715714278,0
2012-09-26,30.170000076293945,0.007239200979695734,0
2012-09-27,30.15999984741211,0.00033146267340229837,0
2012-09-28,29.76000022888184,0.013262586888394564,0
2012-10-01,29.489999771118164,0.009072595957228594,0
2012-10-02,29.65999984741211,0.005764668620324627,1
2012-10-03,29.86000061035156,0.006743114091988103,1
2012-10-04,30.03000068664551,0.0056932375358029474,1
2012-10-05,29.85000038146973,0.005994016019314587,0
2012-10-08,29.78000068664551,0.002345048372852723,0
2012-10-09,29.28000068664551,0.016789791419454837,0
2012-10-10,28.979999542236328,0.01024594048407972,0
2012-10-11,28.95000076293945,0.0010351545814608252,0
2012-10-12,29.20000076293945,0.00863557835618572,1
2012-10-15,29.51000022888184,0.010616419789133713,1
2012-10-16,29.489999771118164,0.0006777518674534169,0
2012-10-17,29.59000015258789,0.003390992955098788,1
2012-10-18,29.5,0.003041573238384028,0
2012-10-19,28.63999938964844,0.02915256306276471,0
2012-10-22,28.0,0.02234634788015256,0
2012-10-23,28.04999923706055,0.001785687037876801,1
2012-10-24,27.899999618530273,0.005347580128704343,0
2012-10-25,27.8799991607666,0.0007168622952377469,0
2012-10-26,28.209999084472656,0.011836439513615137,1
2012-10-31,28.540000915527344,0.011698044727563535,1
2012-11-01,29.520000457763672,0.03433775440781973,1
2012-11-02,29.5,0.0006775222714609347,0
2012-11-05,29.6299991607666,0.004406751212427172,1
2012-11-06,29.86000061035156,0.007762452112705584,1
2012-11-07,29.07999992370605,0.02612192467186706,0
2012-11-08,28.809999465942386,0.009284747540303812,0
2012-11-09,28.82999992370605,0.0006942193035202317,1
2012-11-12,28.21999931335449,0.021158536662012863,0
2012-11-13,27.09000015258789,0.04004249426866042,0
2012-11-14,26.84000015258789,0.00922849754860993,0
2012-11-15,26.65999984741211,0.00670641967781158,0
2012-11-16,26.520000457763672,0.005251289964355617,0
2012-11-19,26.729999542236328,0.007918517377369783,1
2012-11-20,26.709999084472656,0.0007482401087238688,0
2012-11-21,26.95000076293945,0.008985461875448497,1
2012-11-23,27.70000076293945,0.027829312755766954,1
2012-11-26,27.38999938964844,0.011191385009121278,0
2012-11-27,27.07999992370605,0.01131798002374358,0
2012-11-28,27.36000061035156,0.010339759506439028,1
2012-11-29,26.95000076293945,0.014985374205619987,0
2012-11-30,26.6200008392334,0.01224489478159324,0
2012-12-03,26.43000030517578,0.007137510445814427,0
2012-12-04,26.3700008392334,0.0022701273268859227,0
2012-12-05,26.670000076293945,0.011376534983427333,1
2012-12-06,26.729999542236328,0.0022496987540586585,1
2012-12-07,26.459999084472656,0.010101027399459606,0
2012-12-10,26.940000534057614,0.018140644980847085,1
2012-12-11,27.31999969482422,0.014105388019061442,1
2012-12-12,27.239999771118164,0.002928254926782107,0
2012-12-13,27.11000061035156,0.004772362770150964,0
2012-12-14,26.809999465942386,0.011066069260604203,0
2012-12-17,27.10000038146973,0.010816893745027535,1
2012-12-18,27.559999465942386,0.01697413571946632,1
2012-12-19,27.309999465942386,0.009071117737463698,0
2012-12-20,27.68000030517578,0.013548181855324224,1
2012-12-21,27.45000076293945,0.008309231925598097,0
2012-12-24,27.059999465942386,0.014207697127775977,0
2012-12-26,26.86000061035156,0.0073909408550634015,0
2012-12-27,26.959999084472656,0.003722951297423238,1
2012-12-28,26.54999923706055,0.015207709990177306,0
2012-12-31,26.709999084472656,0.0060263597743824265,1
2013-01-02,27.6200008392334,0.03406970370469815,1
2013-01-03,27.25,0.01339611976795537,0
2013-01-04,26.739999771118164,0.01871560472960866,0
2013-01-07,26.690000534057614,0.0018698293750381604,0
2013-01-08,26.54999923706055,0.00524545875592679,0
2013-01-09,26.70000076293945,0.0056497751483742175,1
2013-01-10,26.459999084472656,0.008988826652017336,0
2013-01-11,26.82999992370605,0.013983403327119538,1
2013-01-14,26.88999938964844,0.0022362827474097934,1
2013-01-15,27.209999084472656,0.011900323617984243,1
2013-01-16,27.040000915527344,0.006247635967114813,0
2013-01-17,27.25,0.0077662380681380525,1
2013-01-18,27.25,0.0,0
2013-01-22,27.149999618530273,0.00366973876953125,0
2013-01-23,27.61000061035156,0.016942946529816084,1
2013-01-24,27.6299991607666,0.0007243227081836697,1
2013-01-25,27.8799991607666,0.009048136358794725,1
2013-01-28,27.90999984741211,0.001076064833162746,1
2013-01-29,28.01000022888184,0.003582958868378583,1
2013-01-30,27.85000038146973,0.005712240132262811,0
2013-01-31,27.45000076293945,0.014362643197535616,0
2013-02-01,27.93000030517578,0.01748632163553104,1
2013-02-04,27.440000534057614,0.01754385126259252,0
2013-02-05,27.5,0.002186569415985143,1
2013-02-06,27.34000015258789,0.00581817626953125,0
2013-02-07,27.28000068664551,0.002194567139996887,0
2013-02-08,27.54999923706055,0.009897307317415595,1
2013-02-11,27.86000061035156,0.011252318761373736,1
2013-02-12,27.8799991607666,0.0007178230429618881,1
2013-02-13,28.03000068664551,0.00538025575302009,1
2013-02-14,28.040000915527344,0.0003567687704908566,1
2013-02-15,28.01000022888184,0.0010699245957902653,0
2013-02-19,28.04999923706055,0.001428025985428837,1
2013-02-20,27.8700008392334,0.0064170553555428405,0
2013-02-21,27.489999771118164,0.01363477060181125,0
2013-02-22,27.76000022888184,0.00982177009864315,1
2013-02-25,27.3700008392334,0.014048969251905156,0
2013-02-26,27.3700008392334,0.0,0
2013-02-27,27.809999465942386,0.016075944947662332,1
2013-02-28,27.79999923706055,0.0003595911209593065,0
2013-03-01,27.95000076293945,0.005395738489047514,1
2013-03-04,28.149999618530273,0.007155593922416421,1
2013-03-05,28.35000038146973,0.0071048229360473015,1
2013-03-06,28.09000015258789,0.00917108378777244,0
2013-03-07,28.13999938964844,0.0017799657098237528,1
2013-03-08,28.0,0.004975102796197683,0
2013-03-11,27.8700008392334,0.00464282717023577,0
2013-03-12,27.90999984741211,0.0014351993891009573,1
2013-03-13,27.920000076293945,0.00035830272076347523,1
2013-03-14,28.13999938964844,0.007879631545606287,1
2013-03-15,28.040000915527344,0.003553606122602926,0
2013-03-18,28.10000038146973,0.002139781169163987,1
2013-03-19,28.18000030517578,0.002846972335231935,1
2013-03-20,28.31999969482422,0.004968040742807374,1
2013-03-21,28.11000061035156,0.007415221989251623,0
2013-03-22,28.25,0.004980412188140829,1
2013-03-25,28.15999984741211,0.003185846109305863,0
2013-03-26,28.15999984741211,0.0,0
2013-03-27,28.3700008392334,0.007457421624971637,1
2013-03-28,28.61000061035156,0.008459632147287793,1
2013-04-01,28.61000061035156,0.0,0
2013-04-02,28.79999923706055,0.006640986461225272,1
2013-04-03,28.559999465942386,0.008333325606805102,0
2013-04-04,28.60000038146973,0.0014005923065595496,1
2013-04-05,28.70000076293945,0.0034965167879686763,1
2013-04-08,28.59000015258789,0.0038327737779576525,0
2013-04-09,29.61000061035156,0.035676825894362246,1
2013-04-10,30.28000068664551,0.022627492822804015,1
2013-04-11,28.940000534057614,0.044253636796609534,0
2013-04-12,28.790000915527344,0.00518312424886603,0
2013-04-15,28.690000534057614,0.003473441413327528,0
2013-04-16,28.96999931335449,0.009759455353250734,1
2013-04-17,28.82999992370605,0.00483256447934747,0
2013-04-18,28.790000915527344,0.001387409236370389,0
2013-04-19,29.770000457763672,0.034039580099762476,1
2013-04-22,30.82999992370605,0.03560629659533457,1
2013-04-23,30.60000038146973,0.007460251145166819,0
2013-04-24,31.76000022888184,0.03790849127291397,1
2013-04-25,31.940000534057614,0.005667515865194669,1
2013-04-26,31.790000915527344,0.004696293551101395,0
2013-04-29,32.610000610351555,0.025794264586626522,1
2013-04-30,33.09999847412109,0.015025999834357219,1
2013-05-01,32.720001220703125,0.011480280088685164,0
2013-05-02,33.15999984741211,0.013447390290150154,1
2013-05-03,33.490001678466804,0.009951804359867896,1
2013-05-06,33.75,0.007763460988428918,1
2013-05-07,33.310001373291016,0.01303699634693287,0
2013-05-08,32.990001678466804,0.009606715149546564,0
2013-05-09,32.65999984741211,0.010003086215969884,0
2013-05-10,32.689998626708984,0.0009185174353040305,1
2013-05-13,33.029998779296875,0.010400739274124576,1
2013-05-14,33.529998779296875,0.015137754116824213,1
2013-05-15,33.84999847412109,0.009543683461801846,1
2013-05-16,34.080001831054695,0.0067947818996047975,1
2013-05-17,34.86999893188477,0.02318066485871517,1
2013-05-20,35.080001831054695,0.006022452125110258,1
2013-05-21,34.84999847412109,0.006556537768763646,0
2013-05-22,34.610000610351555,0.0068865961055277775,0
2013-05-23,34.150001525878906,0.013290929683921107,0
2013-05-24,34.27000045776367,0.003513877789839345,1
2013-05-28,35.02000045776367,0.02188503034671223,1
2013-05-29,34.880001068115234,0.003997698110178085,0
2013-05-30,35.029998779296875,0.004300392964114833,1
2013-05-31,34.900001525878906,0.0037110264900950722,0
2013-06-03,35.59000015258789,0.01977073342525041,1
2013-06-04,34.990001678466804,0.016858625219125165,0
2013-06-05,34.779998779296875,0.006001797344844567,0
2013-06-06,34.959999084472656,0.005175397110218651,1
2013-06-07,35.66999816894531,0.020308898829119234,1
2013-06-10,35.470001220703125,0.005606867353761375,0
2013-06-11,34.84000015258789,0.01776151808383687,0
2013-06-12,35.0,0.004592418103081573,1
2013-06-13,34.720001220703125,0.007999965122767858,0
2013-06-14,34.400001525878906,0.00921658074808496,0
2013-06-17,35.0,0.017441815334505686,1
2013-06-18,34.97999954223633,0.000571441650390625,0
2013-06-19,34.59000015258789,0.011149210827676993,0
2013-06-20,33.490001678466804,0.03180105432982454,0
2013-06-21,33.27000045776367,0.006569161232517559,0
2013-06-24,33.720001220703125,0.013525721573425584,1
2013-06-25,33.669998168945305,0.0014828899747227516,0
2013-06-26,34.34999847412109,0.020196030358058135,1
2013-06-27,34.61999893188477,0.007860275684352692,1
2013-06-28,34.540000915527344,0.0023107457777461504,0
2013-07-01,34.360000610351555,0.005211357857691017,0
2013-07-02,33.939998626708984,0.012223573229973635,0
2013-07-03,34.009998321533196,0.0020624542621261507,1
2013-07-05,34.209999084472656,0.00588064606909525,1
2013-07-08,34.330001831054695,0.0035078266528368774,1
2013-07-09,34.34999847412109,0.0005824830177638734,1
2013-07-10,34.700000762939446,0.010189295614730443,1
2013-07-11,35.689998626708984,0.028530197175871054,1
2013-07-12,35.66999816894531,0.0005603939067877779,0
2013-07-15,36.16999816894531,0.014017382272682745,1
2013-07-16,36.27000045776367,0.002764785564855763,1
2013-07-17,35.7400016784668,0.01461259367542764,0
2013-07-18,35.439998626708984,0.008394041344955031,0
2013-07-19,31.399999618530273,0.113995461758681,0
2013-07-22,32.009998321533196,0.019426710522726896,1
2013-07-23,31.81999969482422,0.00593560252020272,0
2013-07-24,31.959999084472656,0.004399729446609942,1
2013-07-25,31.38999938964844,0.0178347844540816,0
2013-07-26,31.6200008392334,0.007327220581622743,1
2013-07-29,31.540000915527344,0.0025300417957861833,0
2013-07-30,31.85000038146973,0.00982877162155603,1
2013-07-31,31.84000015258789,0.0003139789250256212,0
2013-08-01,31.670000076293945,0.005339198350478904,0
2013-08-02,31.88999938964844,0.006946615498090023,1
2013-08-05,31.70000076293945,0.00595793760882496,0
2013-08-06,31.57999992370605,0.00378551534212238,0
2013-08-07,32.060001373291016,0.015199539288935951,1
2013-08-08,32.889999389648445,0.025888895221598308,1
2013-08-09,32.700000762939446,0.005776790216931331,0
2013-08-12,32.86999893188477,0.0051987206415601735,1
2013-08-13,32.22999954223633,0.01947062398677562,0
2013-08-14,32.34999847412109,0.0037232061305959366,1
2013-08-15,31.790000915527344,0.0173105899538673,0
2013-08-16,31.79999923706055,0.00031451152076951184,1
2013-08-19,31.38999938964844,0.012893077271973166,0
2013-08-20,31.6200008392334,0.007327220581622743,1
2013-08-21,31.61000061035156,0.0003162627645927013,0
2013-08-22,32.389999389648445,0.02467569643264903,1
2013-08-23,34.75,0.0728620146595554,1
2013-08-26,34.150001525878906,0.01726614314017536,0
2013-08-27,33.259998321533196,0.02606158607844468,0
2013-08-28,33.02000045776367,0.007215811060764386,0
2013-08-29,33.549999237060554,0.01605084106448789,1
2013-08-30,33.400001525878906,0.004470870777724334,0
2013-09-03,31.8799991607666,0.045509050768592935,0
2013-09-04,31.20000076293945,0.021329937758091222,0
2013-09-05,31.229999542236328,0.0009614993129266921,1
2013-09-06,31.149999618530273,0.002561637043825779,0
2013-09-09,31.65999984741211,0.01637239920152201,1
2013-09-10,32.389999389648445,0.02305747143887006,1
2013-09-11,32.740001678466804,0.010805875128550234,1
2013-09-12,32.689998626708984,0.0015272770065466051,0
2013-09-13,33.029998779296875,0.010400739274124576,1
2013-09-16,32.799999237060554,0.006963353034711106,0
2013-09-17,32.93000030517578,0.003963447290826145,1
2013-09-18,33.31999969482422,0.011843285333560693,1
2013-09-19,33.639999389648445,0.009603832465638744,1
2013-09-20,32.790000915527344,0.02526749374385122,0
2013-09-23,32.740001678466804,0.0015248318287439627,0
2013-09-24,32.450000762939446,0.008857693972511077,0
2013-09-25,32.509998321533196,0.001848923179757583,1
2013-09-26,32.77000045776367,0.007997605341562318,1
2013-09-27,33.27000045776367,0.015257857583628534,1
2013-09-30,33.279998779296875,0.0003005206310681003,1
2013-10-01,33.580001831054695,0.009014515107027235,1
2013-10-02,33.919998168945305,0.010124964840716092,1
2013-10-03,33.860000610351555,0.001768796044590575,0
2013-10-04,33.880001068115234,0.0005906809628811558,1
2013-10-07,33.299999237060554,0.01711929789755896,0
2013-10-08,33.009998321533196,0.008708736401549445,0
2013-10-09,33.06999969482422,0.0018176727155990926,1
2013-10-10,33.759998321533196,0.02086479083992761,1
2013-10-11,34.130001068115234,0.010959797540808492,1
2013-10-14,34.450000762939446,0.009375906381765695,1
2013-10-15,34.490001678466804,0.0011611295977209401,1
2013-10-16,34.639999389648445,0.004349020118351833,1
2013-10-17,34.919998168945305,0.008083105780323238,1
2013-10-18,34.959999084472656,0.0011455016501955048,1
2013-10-21,34.990001678466804,0.0008581977911856772,1
2013-10-22,34.580001831054695,0.011717628686609277,0
2013-10-23,33.759998321533196,0.023713229210563302,0
2013-10-24,33.720001220703125,0.0011847483062390914,0
2013-10-25,35.72999954223633,0.05960848899077504,1
2013-10-28,35.56999969482422,0.0044780254537359855,0
2013-10-29,35.52000045776367,0.001405657506030911,0
2013-10-30,35.540000915527344,0.0005630759432971893,1
2013-10-31,35.40999984741211,0.0036578802691712145,0
2013-11-01,35.529998779296875,0.0033888430500384646,1
2013-11-04,35.939998626708984,0.01153954014912643,1
2013-11-05,36.63999938964844,0.01947692792673743,1
2013-11-06,38.18000030517578,0.04203059337283794,1
2013-11-07,37.5,0.01781037977319237,0
2013-11-08,37.77999877929688,0.007466634114583523,1
2013-11-11,37.59000015258789,0.005029079747167941,0
2013-11-12,37.36000061035156,0.00611863637410743,0
2013-11-13,38.15999984741211,0.021413255460142746,1
2013-11-14,38.02000045776367,0.003668747122857544,0
2013-11-15,37.84000015258789,0.0047343583116402944,0
2013-11-18,37.20000076293945,0.01691330304090043,0
2013-11-19,36.7400016784668,0.01236556653329241,0
2013-11-20,37.08000183105469,0.00925422256545959,1
2013-11-21,37.400001525878906,0.008629980556155674,1
2013-11-22,37.56999969482422,0.004545405401325515,1
2013-11-25,37.63999938964844,0.001863180606675974,1
2013-11-26,37.349998474121094,0.007704594054990828,0
2013-11-27,37.599998474121094,0.006693440701830789,1
2013-11-29,38.13000106811523,0.014095814242091467,1
2013-12-02,38.45000076293945,0.008392333749285245,1
2013-12-03,38.310001373291016,0.003641076381547898,0
2013-12-04,38.93999862670898,0.016444720199284134,1
2013-12-05,38.0,0.024139667690286755,0
2013-12-06,38.36000061035156,0.00947370027240954,1
2013-12-09,38.709999084472656,0.009124047668201695,1
2013-12-10,38.11000061035156,0.01549983178278516,0
2013-12-11,37.61000061035156,0.013119915822415085,0
2013-12-12,37.22000122070313,0.010369566161110063,0
2013-12-13,36.68999862670898,0.014239725325407779,0
2013-12-16,36.88999938964844,0.005451097585865457,1
2013-12-17,36.52000045776367,0.010029789590850186,0
2013-12-18,36.58000183105469,0.001642972961087686,1
2013-12-19,36.25,0.00902137273198635,0
2013-12-20,36.79999923706055,0.015172392746497844,1
2013-12-23,36.61999893188477,0.004891312742052978,0
2013-12-24,37.08000183105469,0.012561521370482442,1
2013-12-26,37.43999862670898,0.009708650967562538,1
2013-12-27,37.290000915527344,0.004006349270393082,0
2013-12-30,37.290000915527344,0.0,0
2013-12-31,37.40999984741211,0.003217992194652877,1
2014-01-02,37.15999984741211,0.006682705186305798,0
2014-01-03,36.90999984741211,0.0067276641826307885,0
2014-01-06,36.13000106811523,0.02113245143650605,0
2014-01-07,36.40999984741211,0.007749758400754142,1
2014-01-08,35.7599983215332,0.017852280379097724,0
2014-01-09,35.529998779296875,0.006431754838697289,0
2014-01-10,36.040000915527344,0.014354127603506815,1
2014-01-13,34.97999954223633,0.02941180206336589,0
2014-01-14,35.779998779296875,0.022870190038012838,1
2014-01-15,36.7599983215332,0.0273895912708465,1
2014-01-16,36.88999938964844,0.0035364818838711045,1
2014-01-17,36.38000106811523,0.013824839522125851,0
2014-01-21,36.16999816894531,0.005772481940743235,0
2014-01-22,35.93000030517578,0.006635274424082986,0
2014-01-23,36.060001373291016,0.0036181760927095647,1
2014-01-24,36.810001373291016,0.02079866809310527,1
2014-01-27,36.02999877929688,0.02118996372980567,0
2014-01-28,36.27000045776367,0.006661162547823804,1
2014-01-29,36.65999984741211,0.010752671208333477,1
2014-01-30,36.86000061035156,0.005455558204361845,1
2014-01-31,37.84000015258789,0.026587073413154267,1
2014-02-03,36.47999954223633,0.03594081936753247,0
2014-02-04,36.349998474121094,0.003563625815420307,0
2014-02-05,35.81999969482422,0.014580434705498012,0
2014-02-06,36.18000030517578,0.010050268381313818,1
2014-02-07,36.560001373291016,0.0105030697874503,1
2014-02-10,36.79999923706055,0.006564492744928128,1
2014-02-11,37.16999816894531,0.010054319009663104,1
2014-02-12,37.47000122070313,0.008071107520485845,1
2014-02-13,37.61000061035156,0.003736305980451294,1
2014-02-14,37.61999893188477,0.000265842099732866,1
2014-02-18,37.41999816894531,0.00531634153689329,0
2014-02-19,37.5099983215332,0.0024051351414170123,1
2014-02-20,37.75,0.006398338821812747,1
2014-02-21,37.97999954223633,0.006092703105598096,1
2014-02-24,37.68999862670898,0.0076356218805334695,0
2014-02-25,37.540000915527344,0.003979774917671071,0
2014-02-26,37.47000122070313,0.0018646695023190126,0
2014-02-27,37.86000061035156,0.010408310033172505,1
2014-02-28,38.310001373291016,0.011885915364101059,1
2014-03-03,37.77999877929688,0.013834575176069844,0
2014-03-04,38.40999984741211,0.016675518487852956,1
2014-03-05,38.11000061035156,0.00781044619245838,0
2014-03-06,38.150001525878906,0.001049617289076573,1
2014-03-07,37.900001525878906,0.006553079685472973,0
2014-03-10,37.81999969482422,0.002110866169756236,0
2014-03-11,38.02000045776367,0.005288227513307564,1
2014-03-12,38.27000045776367,0.00657548650683801,1
2014-03-13,37.88999938964844,0.009929476445515568,0
2014-03-14,37.70000076293945,0.005014479539973075,0
2014-03-17,38.04999923706055,0.009283778966528714,1
2014-03-18,39.54999923706055,0.03942181419386222,1
2014-03-19,39.27000045776367,0.00707961528946126,0
2014-03-20,40.33000183105469,0.02699264988374742,1
2014-03-21,40.15999984741211,0.0042152733926154725,0
2014-03-24,40.5,0.00846613928983369,1
2014-03-25,40.34000015258789,0.003950613516348379,0
2014-03-26,39.790000915527344,0.013634091100152446,0
2014-03-27,39.36000061035156,0.01080674278165149,0
2014-03-28,40.29999923706055,0.02388207856027745,1
2014-03-31,40.9900016784668,0.01712164899426877,1
2014-04-01,41.41999816894531,0.010490277454767827,1
2014-04-02,41.349998474121094,0.0016899975354586348,0
2014-04-03,41.0099983215332,0.0082224949246535,0
2014-04-04,39.86999893188477,0.027798084279604778,0
2014-04-07,39.79999923706055,0.0017556984374094329,0
2014-04-08,39.81999969482422,0.0005025240740469175,1
2014-04-09,40.47000122070313,0.016323493994486397,1
2014-04-10,39.36000061035156,0.027427738494451282,0
2014-04-11,39.209999084472656,0.003811014317907716,0
2014-04-14,39.18000030517578,0.0007650798265066692,0
2014-04-15,39.75,0.014548230995008958,1
2014-04-16,40.400001525878906,0.01635223964475236,1
2014-04-17,40.0099983215332,0.009653544297414938,0
2014-04-21,39.93999862670898,0.001749555055256084,0
2014-04-22,39.9900016784668,0.0012519542683304247,1
2014-04-23,39.68999862670898,0.007501951467017833,0
2014-04-24,39.86000061035156,0.004283244885984555,1
2014-04-25,39.90999984741211,0.0012543712065965743,1
2014-04-28,40.86999893188477,0.024054098926159548,1
2014-04-29,40.5099983215332,0.00880843209591363,0
2014-04-30,40.400001525878906,0.0027152999311734795,0
2014-05-01,40.0,0.00990102749433508,0
2014-05-02,39.68999862670898,0.0077500343322755684,0
2014-05-05,39.43000030517578,0.006550726392775252,0
2014-05-06,39.060001373291016,0.009383690819708102,0
2014-05-07,39.41999816894531,0.009216507501212235,1
2014-05-08,39.63999938964844,0.005580954614971032,1
2014-05-09,39.540000915527344,0.002522665884480495,0
2014-05-12,39.97000122070313,0.01087507069345887,1
2014-05-13,40.41999816894531,0.011258367137829782,1
2014-05-14,40.2400016784668,0.004453154345187648,0
2014-05-15,39.599998474121094,0.015904651532064454,0
2014-05-16,39.83000183105469,0.005808165802933117,1
2014-05-19,39.75,0.0020085821585956246,0
2014-05-20,39.68000030517578,0.0017609986119300316,0
2014-05-21,40.349998474121094,0.01688503436976837,1
2014-05-22,40.099998474121094,0.006195787099232239,0
2014-05-23,40.11999893188477,0.0004987645517389848,1
2014-05-27,40.18999862670898,0.0017447581427668813,1
2014-05-28,40.0099983215332,0.004478733797620778,0
2014-05-29,40.34000015258789,0.008247984126434767,1
2014-05-30,40.93999862670898,0.014873536734049704,1
2014-06-02,40.790000915527344,0.0036638426041317946,0
2014-06-03,40.290000915527344,0.01225790607446805,0
2014-06-04,40.31999969482422,0.0007445713232861652,1
2014-06-05,41.209999084472656,0.022073397727795235,1
2014-06-06,41.47999954223633,0.006551819067266231,1
2014-06-09,41.27000045776367,0.005062658794362525,0
2014-06-10,41.11000061035156,0.003876904425427753,0
2014-06-11,40.86000061035156,0.006081245348778944,0
2014-06-12,40.58000183105469,0.006852637667996987,0
2014-06-13,41.22999954223633,0.016017685605036528,1
2014-06-16,41.5,0.006548640814004408,1
2014-06-17,41.68000030517578,0.004337356751223645,1
2014-06-18,41.650001525878906,0.0007197403809315659,0
2014-06-19,41.5099983215332,0.0033614213497378436,0
2014-06-20,41.68000030517578,0.004095446651810391,1
2014-06-23,41.9900016784668,0.007437652855595588,1
2014-06-24,41.75,0.005715686327058994,0
2014-06-25,42.02999877929688,0.006706557587949272,1
2014-06-26,41.72000122070313,0.007375626162198426,0
2014-06-27,42.25,0.012703709582680005,1
2014-06-30,41.70000076293945,0.013017733421551405,0
2014-07-01,41.86999893188477,0.004076694624341689,1
2014-07-02,41.900001525878906,0.0007165654349058508,1
2014-07-03,41.79999923706055,0.002386689383688792,0
2014-07-07,41.9900016784668,0.004545513035267972,1
2014-07-08,41.77999877929688,0.00500125960408351,0
2014-07-09,41.66999816894531,0.0026328533644208213,0
2014-07-10,41.68999862670898,0.00047997260961173187,1
2014-07-11,42.09000015258789,0.009594663925526006,1
2014-07-14,42.13999938964844,0.0011879124941621719,1
2014-07-15,42.45000076293945,0.007356463639796979,1
2014-07-16,44.08000183105469,0.038398139901526,1
2014-07-17,44.52999877929688,0.010208641777441317,1
2014-07-18,44.68999862670898,0.0035930799864850463,1
2014-07-21,44.84000015258789,0.003356489829678915,1
2014-07-22,44.83000183105469,0.00022297773191747153,0
2014-07-23,44.86999893188477,0.0008921949408081084,1
2014-07-24,44.400001525878906,0.010474647140494687,0
2014-07-25,44.5,0.0022522178082090565,1
2014-07-28,43.97000122070313,0.011910084928019503,0
2014-07-29,43.88999938964844,0.0018194639261694175,0
2014-07-30,43.58000183105469,0.007063056798922255,0
2014-07-31,43.15999984741211,0.009637493483152834,0
2014-08-01,42.86000061035156,0.006950862792427349,0
2014-08-04,43.36999893188477,0.01189916738848658,1
2014-08-05,43.08000183105469,0.006686583075216196,0
2014-08-06,42.7400016784668,0.007892296614128689,0
2014-08-07,43.22999954223633,0.011464619666039958,1
2014-08-08,43.20000076293945,0.0006939342959642127,0
2014-08-11,43.20000076293945,0.0,0
2014-08-12,43.52000045776367,0.007407400212333817,1
2014-08-13,44.08000183105469,0.012867678478875457,1
2014-08-14,44.27000045776367,0.004310313494023699,1
2014-08-15,44.790000915527344,0.01174611367487526,1
2014-08-18,45.11000061035156,0.007144444927065953,1
2014-08-19,45.33000183105469,0.004876994407591307,1
2014-08-20,44.95000076293945,0.008382992560457016,0
2014-08-21,45.22000122070313,0.006006684164203396,1
2014-08-22,45.1500015258789,0.0015479808256215815,0
2014-08-25,45.16999816894531,0.00044289351917190434,1
2014-08-26,45.0099983215332,0.003542170774806681,0
2014-08-27,44.86999893188477,0.003110406462322692,0
2014-08-28,44.88000106811523,0.000222913672131759,1
2014-08-29,45.43000030517578,0.012254884669583892,1
2014-09-02,45.09000015258789,0.007484044690819754,0
2014-09-03,44.959999084472656,0.0028831463223619683,0
2014-09-04,45.2599983215332,0.006672581031349583,1
2014-09-05,45.90999984741211,0.014361501325324997,1
2014-09-08,46.47000122070313,0.012197808215035081,1
2014-09-09,46.7599983215332,0.006240522771944165,1
2014-09-10,46.84000015258789,0.0017109032062955886,1
2014-09-11,47.0,0.003415880591180345,1
2014-09-12,46.70000076293945,0.006382962490649934,0
2014-09-15,46.2400016784668,0.009850087301020043,0
2014-09-16,46.7599983215332,0.011245601734235233,1
2014-09-17,46.52000045776367,0.005132546458176648,0
2014-09-18,46.68000030517578,0.0034393775975427184,1
2014-09-19,47.52000045776367,0.017994861762988316,1
2014-09-22,47.06000137329102,0.009680115320737459,0
2014-09-23,46.56000137329102,0.010624734071592607,0
2014-09-24,47.08000183105469,0.011168394382006208,1
2014-09-25,46.040000915527344,0.022090078060305923,0
2014-09-26,46.40999984741211,0.0080364666491564,1
2014-09-29,46.43999862670898,0.0006463861106550008,1
2014-09-30,46.36000061035156,0.001722610222288112,0
2014-10-01,45.9000015258789,0.009922326971884287,0
2014-10-02,45.7599983215332,0.003050178642516183,0
2014-10-03,46.09000015258789,0.007211578740364575,1
2014-10-06,46.09000015258789,0.0,0
2014-10-07,45.52999877929688,0.0121501707840538,0
2014-10-08,46.77999877929688,0.027454426389494923,1
2014-10-09,45.849998474121094,0.019880297764936508,0
2014-10-10,44.02999877929688,0.03969465115361925,0
2014-10-13,43.650001525878906,0.008630417078200156,0
2014-10-14,43.72999954223633,0.0018327150873063134,1
2014-10-15,43.22000122070313,0.011662436013533856,0
2014-10-16,42.7400016784668,0.011105958553430283,0
2014-10-17,43.63000106811523,0.020823569365857757,1
2014-10-20,44.08000183105469,0.010314021359681342,1
2014-10-21,44.88000106811523,0.01814880226472528,1
2014-10-22,44.38000106811523,0.01114081969920501,0
2014-10-23,45.02000045776367,0.014420896220037534,1
2014-10-24,46.13000106811523,0.024655721880609986,1
2014-10-27,45.90999984741211,0.004769157069349851,0
2014-10-28,46.4900016784668,0.012633453125297308,1
2014-10-29,46.61999893188477,0.002796241099689783,1
2014-10-30,46.04999923706055,0.01222650596060796,0
2014-10-31,46.95000076293945,0.01954400740042998,1
2014-11-03,47.43999862670898,0.01043658904807324,1
2014-11-04,47.56999969482422,0.002740326135718945,1
2014-11-05,47.86000061035156,0.00609629845254964,1
2014-11-06,48.70000076293945,0.017551193938058755,1
2014-11-07,48.68000030517578,0.00041068701130066843,0
2014-11-10,48.88999938964844,0.0043138677723124135,1
2014-11-11,48.86999893188477,0.0004090909800236058,0
2014-11-12,48.77999877929688,0.0018416237887243102,0
2014-11-13,49.61000061035156,0.017015208114497703,1
2014-11-14,49.58000183105469,0.0006046921775408221,0
2014-11-17,49.459999084472656,0.002420386086126905,0
2014-11-18,48.7400016784668,0.014557165777059093,0
2014-11-19,48.22000122070313,0.01066886417431946,0
2014-11-20,48.70000076293945,0.009954366032455314,1
2014-11-21,47.97999954223633,0.01478441908467163,0
2014-11-24,47.59000015258789,0.008128374184437515,0
2014-11-25,47.47000122070313,0.0025215156860686227,0
2014-11-26,47.75,0.005898436319709884,1
2014-11-28,47.81000137329102,0.0012565732626392194,1
2014-12-01,48.61999893188477,0.016942010778653812,1
2014-12-02,48.459999084472656,0.0032908237541566317,0
2014-12-03,48.08000183105469,0.007841462249216712,0
2014-12-04,48.84000015258789,0.01580695284088619,1
2014-12-05,48.41999816894531,0.008599549187763945,0
2014-12-08,47.70000076293945,0.0148698354653726,0
2014-12-09,47.59000015258789,0.0023060924233155892,0
2014-12-10,46.9000015258789,0.014498815391818614,0
2014-12-11,47.16999816894531,0.005756857873819732,1
2014-12-12,46.95000076293945,0.004663926532664064,0
2014-12-15,46.66999816894531,0.005963846420534332,0
2014-12-16,45.15999984741211,0.0323547971025628,0
2014-12-17,45.7400016784668,0.012843264681452927,1
2014-12-18,47.52000045776367,0.03891558185348411,1
2014-12-19,47.65999984741211,0.0029461150736492642,1
2014-12-22,47.97999954223633,0.006714219384152903,1
2014-12-23,48.45000076293945,0.009795773763803134,1
2014-12-24,48.13999938964844,0.006398377056954414,0
2014-12-26,47.88000106811523,0.005400879202942362,0
2014-12-29,47.45000076293945,0.008980791469992774,0
2014-12-30,47.02000045776367,0.00906217699182063,0
2014-12-31,46.45000076293945,0.01212249445501874,0
2015-01-02,46.7599983215332,0.006673790172272383,1
2015-01-05,46.33000183105469,0.009195819202596083,0
2015-01-06,45.6500015258789,0.014677320921666546,0
2015-01-07,46.22999954223633,0.012705323044263847,1
2015-01-08,47.59000015258789,0.029418140251311235,1
2015-01-09,47.18999862670898,0.00840515916361395,0
2015-01-12,46.599998474121094,0.01250265246360805,0
2015-01-13,46.36000061035156,0.005150168919057197,0
2015-01-14,45.959999084472656,0.008628160496391177,0
2015-01-15,45.47999954223633,0.010443854477762455,0
2015-01-16,46.2400016784668,0.016710689179419858,1
2015-01-20,46.38999938964844,0.0032438950202610412,1
2015-01-21,45.91999816894531,0.010131520303662734,0
2015-01-22,47.13000106811523,0.026350238401973917,1
2015-01-23,47.18000030517578,0.001060879183692187,1
2015-01-26,47.0099983215332,0.003603263724945937,0
2015-01-27,42.65999984741211,0.09253347435514694,0
2015-01-28,41.18999862670898,0.034458537880006745,0
2015-01-29,42.0099983215332,0.019907737852958084,1
2015-01-30,40.400001525878906,0.03832413377719788,0
2015-02-02,41.27999877929688,0.021782109410423627,1
2015-02-03,41.599998474121094,0.007751930820906438,1
2015-02-04,41.84000015258789,0.0057692713286059205,1
2015-02-05,42.45000076293945,0.014579364438980115,1
2015-02-06,42.40999984741211,0.000942306591482235,0
2015-02-09,42.36000061035156,0.0011789492393407275,0
2015-02-10,42.599998474121094,0.005665671867598668,1
2015-02-11,42.38000106811523,0.005164258541922527,0
2015-02-12,43.09000015258789,0.016753163439791278,1
2015-02-13,43.86999893188477,0.018101619320835326,1
2015-02-17,43.58000183105469,0.006610374011641814,0
2015-02-18,43.52999877929688,0.001147385260598445,0
2015-02-19,43.5,0.0006891518524725918,0
2015-02-20,43.86000061035156,0.00827587610003592,1
2015-02-23,44.150001525878906,0.006611967886268099,1
2015-02-24,44.09000015258789,0.0013590344556578397,0
2015-02-25,43.9900016784668,0.002268053385688734,0
2015-02-26,44.060001373291016,0.0015912637452451782,1
2015-02-27,43.849998474121094,0.0047662935230234635,0
2015-03-02,43.88000106811523,0.0006842096930023867,1
2015-03-03,43.27999877929688,0.013673707251897226,0
2015-03-04,43.060001373291016,0.005083119505795894,0
2015-03-05,43.11000061035156,0.0011611527047363283,1
2015-03-06,42.36000061035156,0.017397355355636673,0
2015-03-09,42.849998474121094,0.011567465927981831,1
2015-03-10,42.02999877929688,0.01913651631328397,0
2015-03-11,41.97999954223633,0.0011896083395839302,0
2015-03-12,41.02000045776367,0.022868010837084347,0
2015-03-13,41.38000106811523,0.00877622150985178,1
2015-03-16,41.560001373291016,0.004349934763884891,1
2015-03-17,41.70000076293945,0.0033686088792674973,1
2015-03-18,42.5,0.01918463363126698,1
2015-03-19,42.290000915527344,0.004941154928768382,0
2015-03-20,42.88000106811523,0.013951292026840723,1
2015-03-23,42.86000061035156,0.0004664285742879036,0
2015-03-24,42.900001525878906,0.0009332924628489789,1
2015-03-25,41.459999084472656,0.033566489281768114,0
2015-03-26,41.209999084472656,0.0060299084785466976,0
2015-03-27,40.97000122070313,0.005823777459387325,0
2015-03-30,40.959999084472656,0.00024413316896416235,0
2015-03-31,40.65999984741211,0.007324200287257141,0
2015-04-01,40.72000122070313,0.0014756855267140795,1
2015-04-02,40.290000915527344,0.010559928592466858,0
2015-04-06,41.54999923706055,0.03127322643091857,1
2015-04-07,41.52999877929688,0.0004813587997812849,0
2015-04-08,41.41999816894531,0.0026487024701384292,0
2015-04-09,41.47999954223633,0.0014486087866609739,1
2015-04-10,41.72000122070313,0.005785961454084063,1
2015-04-13,41.7599983215332,0.0009587032516725541,1
2015-04-14,41.650001525878906,0.00263402299031171,0
2015-04-15,42.2599983215332,0.014645780871707294,1
2015-04-16,42.15999984741211,0.0023662678204636944,0
2015-04-17,41.61999893188477,0.012808370908010886,0
2015-04-20,42.90999984741211,0.030994736872496084,1
2015-04-21,42.63999938964844,0.006292250261565907,0
2015-04-22,42.9900016784668,0.008208308954697785,1
2015-04-23,43.34000015258789,0.008141392427449101,1
2015-04-24,47.86999893188477,0.10452235263839495,1
2015-04-27,48.02999877929688,0.0033423825147724886,1
2015-04-28,49.15999984741211,0.02352698515166961,1
2015-04-29,49.06000137329102,0.0020341430925848707,0
2015-04-30,48.63999938964844,0.008560985974028944,0
2015-05-01,48.65999984741211,0.00041119362694581717,1
2015-05-04,48.2400016784668,0.008631281756316103,0
2015-05-05,47.599998474121094,0.013267064305086571,0
2015-05-06,46.27999877929688,0.027731086914674206,0
2015-05-07,46.70000076293945,0.00907523756959252,1
2015-05-08,47.75,0.02248392333847269,1
2015-05-11,47.36999893188477,0.007958137552151356,0
2015-05-12,47.349998474121094,0.00042221782171535284,0
2015-05-13,47.63000106811523,0.005913465744822939,1
2015-05-14,48.72000122070313,0.022884739201015462,1
2015-05-15,48.29999923706055,0.008620730154335652,0
2015-05-18,48.0099983215332,0.006004159836607747,0
2015-05-19,47.58000183105469,0.008956394615945149,0
2015-05-20,47.58000183105469,0.0,0
2015-05-21,47.41999816894531,0.003362834299113945,0
2015-05-22,46.9000015258789,0.010965766831407257,0
2015-05-26,46.59000015258789,0.006609837168554317,0
2015-05-27,47.61000061035156,0.02189311986312614,1
2015-05-28,47.45000076293945,0.0033606352732816714,0
2015-05-29,46.86000061035156,0.012434144217099924,0
2015-06-01,47.22999954223633,0.007895837111940442,1
2015-06-02,46.91999816894531,0.006563653955020495,0
2015-06-03,46.849998474121094,0.0014918946623179766,0
2015-06-04,46.36000061035156,0.010458866162828057,0
2015-06-05,46.13999938964844,0.004745496501438822,0
2015-06-08,45.72999954223633,0.00888599594355637,0
2015-06-09,45.6500015258789,0.0017493552844570364,0
2015-06-10,46.61000061035156,0.021029552078512894,1
2015-06-11,46.43999862670898,0.0036473285006743744,0
2015-06-12,45.97000122070313,0.010120530144364306,0
2015-06-15,45.47999954223633,0.010659161745815354,0
2015-06-16,45.83000183105469,0.007695740816648856,1
2015-06-17,45.97000122070313,0.0030547541796862895,1
2015-06-18,46.72000122070313,0.01631498760244167,1
2015-06-19,46.099998474121094,0.013270606386613176,0
2015-06-22,46.22999954223633,0.0028199798789193533,1
2015-06-23,45.90999984741211,0.006921905645529217,0
2015-06-24,45.63999938964844,0.0058810816523862715,0
2015-06-25,45.6500015258789,0.00021915285635893804,1
2015-06-26,45.2599983215332,0.008543333873156695,0
2015-06-29,44.36999893188477,0.019664149859789065,0
2015-06-30,44.150001525878906,0.004958246817711188,0
2015-07-01,44.45000076293945,0.006794999472077022,1
2015-07-02,44.400001525878906,0.0011248422092769489,0
2015-07-06,44.38999938964844,0.00022527333078218304,0
2015-07-07,44.29999923706055,0.002027487132808528,0
2015-07-08,44.2400016784668,0.0013543467184432177,0
2015-07-09,44.52000045776367,0.006329086091177987,1
2015-07-10,44.61000061035156,0.0020215667489328574,1
2015-07-13,45.540000915527344,0.02084735020066282,1
2015-07-14,45.61999893188477,0.0017566538153088358,1
2015-07-15,45.7599983215332,0.0030688161535791245,1
2015-07-16,46.65999984741211,0.019667866234501022,1
2015-07-17,46.61999893188477,0.0008572849476671228,0
2015-07-20,46.91999816894531,0.006434990217371317,1
2015-07-21,47.27999877929688,0.0076726475788705655,1
2015-07-22,45.540000915527344,0.03680198622448895,0
2015-07-23,46.11000061035156,0.012516462085310836,1
2015-07-24,45.93999862670898,0.0036868787983581216,0
2015-07-27,45.349998474121094,0.012842842190353579,0
2015-07-28,45.34000015258789,0.00022047016250526782,0
2015-07-29,46.290000915527344,0.02095281781522512,1
2015-07-30,46.88000106811523,0.012745736464005472,1
2015-07-31,46.70000076293945,0.0038395968659266696,0
2015-08-03,46.81000137329102,0.0023554734165842825,1
2015-08-04,47.540000915527344,0.01559494810553127,1
2015-08-05,47.58000183105469,0.0008414159603913427,1
2015-08-06,46.61999893188477,0.020176604922771076,0
2015-08-07,46.7400016784668,0.0025740615472204737,1
2015-08-10,47.33000183105469,0.012623023778360384,1
2015-08-11,46.40999984741211,0.019438029749640453,0
2015-08-12,46.7400016784668,0.007110575999562062,1
2015-08-13,46.72999954223633,0.00021399520477716953,0
2015-08-14,47.0,0.005777882739323276,1
2015-08-17,47.31999969482422,0.006808504145196143,1
2015-08-18,47.27000045776367,0.0010566195558537948,0
2015-08-19,46.61000061035156,0.013962340618164948,0
2015-08-20,45.65999984741211,0.020381908399470575,0
2015-08-21,43.06999969482422,0.05672361281741627,0
2015-08-24,41.68000030517578,0.03227302993957243,0
2015-08-25,40.47000122070313,0.029030687994558213,0
2015-08-26,42.709999084472656,0.055349587254858154,1
2015-08-27,43.900001525878906,0.027862385083470508,1
2015-08-28,43.93000030517578,0.000683343468204456,1
2015-08-31,43.52000045776367,0.009333026281900655,0
2015-09-01,41.81999969482422,0.03906251711990009,0
2015-09-02,43.36000061035156,0.03682450805273294,1
2015-09-03,43.5,0.003228768165999857,1
2015-09-04,42.61000061035156,0.020459756083872127,0
2015-09-08,43.88999938964844,0.030039867659281738,1
2015-09-09,43.06999969482422,0.01868306462126809,0
2015-09-10,43.290000915527344,0.005107992158392396,1
2015-09-11,43.47999954223633,0.004388972573129129,1
2015-09-14,43.040000915527344,0.010119563738301588,0
2015-09-15,43.97999954223633,0.021840116326992582,1
2015-09-16,44.29999923706055,0.007276027697929057,1
2015-09-17,44.25,0.0011286509688857613,0
2015-09-18,43.47999954223633,0.017401140288444562,0
2015-09-21,44.11000061035156,0.014489445141397791,1
2015-09-22,43.900001525878906,0.00476080438827685,0
2015-09-23,43.86999893188477,0.0006834303633553883,0
2015-09-24,43.90999984741211,0.0009118057100809256,1
2015-09-25,43.93999862670898,0.0006831878706698723,1
2015-09-28,43.290000915527344,0.014792847780985857,0
2015-09-29,43.43999862670898,0.003464950519967119,1
2015-09-30,44.2599983215332,0.018876604989578685,1
2015-10-01,44.61000061035156,0.007907869455297237,1
2015-10-02,45.56999969482422,0.02151981778386016,1
2015-10-05,46.63000106811523,0.023260947561766214,1
2015-10-06,46.75,0.0025734276031751132,1
2015-10-07,46.79999923706055,0.0010695023970170455,1
2015-10-08,47.45000076293945,0.013888921719557962,1
2015-10-09,47.11000061035156,0.007165440402973519,0
2015-10-12,47.0,0.002334973655835442,0
2015-10-13,46.88999938964844,0.002340438518118351,0
2015-10-14,46.68000030517578,0.004478547391899012,0
2015-10-15,47.0099983215332,0.007069366199657723,1
2015-10-16,47.5099983215332,0.010636035265948352,1
2015-10-19,47.61999893188477,0.002315314970274656,1
2015-10-20,47.77000045776367,0.003149969114729717,1
2015-10-21,47.20000076293945,0.011932168502451443,0
2015-10-22,48.02999877929688,0.017584703452147563,1
2015-10-23,52.86999893188477,0.1007703576014695,1
2015-10-26,54.25,0.026101779761583805,1
2015-10-27,53.68999862670898,0.010322605959281524,0
2015-10-28,53.97999954223633,0.0054013954729938305,1
2015-10-29,53.36000061035156,0.011485715767738219,0
2015-10-30,52.63999938964844,0.013493276095717445,0
2015-11-02,53.2400016784668,0.011398219904545606,1
2015-11-03,54.1500015258789,0.017092408315609736,1
2015-11-04,54.4000015258789,0.004616805040726032,1
2015-11-05,54.38000106811523,0.0003676554632844515,0
2015-11-06,54.91999816894531,0.00993006785994168,1
2015-11-09,54.15999984741211,0.013838280168824671,0
2015-11-10,53.5099983215332,0.012001505312226563,0
2015-11-11,53.6500015258789,0.0026163933608152755,1
2015-11-12,53.31999969482422,0.00615101251945909,0
2015-11-13,52.84000015258789,0.009002242028949631,0
2015-11-16,53.77000045776367,0.01760030852555237,1
2015-11-17,52.97000122070313,0.014878170545840688,0
2015-11-18,53.849998474121094,0.016613125035647873,1
2015-11-19,53.93999862670898,0.0016713120731309816,1
2015-11-20,54.18999862670898,0.004634779502500947,1
2015-11-23,54.18999862670898,0.0,0
2015-11-24,54.25,0.0011072407235945096,1
2015-11-25,53.68999862670898,0.010322605959281524,0
2015-11-27,53.93000030517578,0.0044701375415459816,1
2015-11-30,54.349998474121094,0.007787839172420779,1
2015-12-01,55.22000122070313,0.016007410690108716,1
2015-12-02,55.209999084472656,0.0001811324883985306,0
2015-12-03,54.20000076293945,0.018293757259221846,0
2015-12-04,55.90999984741211,0.03154979816239983,1
2015-12-07,55.81000137329102,0.0017885615166159806,0
2015-12-08,55.790000915527344,0.00035836691043785915,0
2015-12-09,54.97999954223633,0.014518755332473527,0
2015-12-10,55.27000045776367,0.00527466202149677,1
2015-12-11,54.06000137329102,0.02189251084586671,0
2015-12-14,55.13999938964844,0.01997776524088289,1
2015-12-15,55.20000076293945,0.0010881641994047579,1
2015-12-16,56.13000106811523,0.016847831382643095,1
2015-12-17,55.70000076293945,0.007660792748853817,0
2015-12-18,54.13000106811523,0.028186708677189833,0
2015-12-21,54.83000183105469,0.012931844617157955,1
2015-12-22,55.349998474121094,0.009483797660059348,1
2015-12-23,55.81999969482422,0.008491440535863324,1
2015-12-24,55.66999816894531,0.002687236236097916,0
2015-12-28,55.95000076293945,0.005029685705115326,1
2015-12-29,56.54999923706055,0.010723833171393356,1
2015-12-30,56.31000137329102,0.004243994111537306,0
2015-12-31,55.47999954223633,0.014739865224872492,0
2016-01-04,54.79999923706055,0.012256674671709475,0
2016-01-05,55.04999923706055,0.004562043859134366,1
2016-01-06,54.04999923706055,0.018165304520599956,0
2016-01-07,52.16999816894531,0.03478262894823819,0
2016-01-08,52.33000183105469,0.0030669669872562637,1
2016-01-11,52.29999923706055,0.0005733344724695939,0
2016-01-12,52.77999877929688,0.009177811648918734,1
2016-01-13,51.63999938964844,0.021599079500085418,0
2016-01-14,53.11000061035156,0.02846632916494178,1
2016-01-15,50.9900016784668,0.03991713250840297,0
2016-01-19,50.56000137329102,0.008433031790963136,0
2016-01-20,50.790000915527344,0.004549041455481868,1
2016-01-21,50.47999954223633,0.006103590622229012,0
2016-01-22,52.290000915527344,0.03585581199890063,1
2016-01-25,51.790000915527344,0.009562057587410112,0
2016-01-26,52.16999816894531,0.007337270644921738,1
2016-01-27,51.22000122070313,0.01820964120346999,0
2016-01-28,52.06000137329102,0.01639984639922973,1
2016-01-29,55.09000015258789,0.058202049546072145,1
2016-02-01,54.709999084472656,0.006897822963563444,0
2016-02-02,53.0,0.031255695724512894,0
2016-02-03,52.15999984741211,0.01584905948279039,0
2016-02-04,52.0,0.003067481746168902,0
2016-02-05,50.15999984741211,0.0353846183189979,0
2016-02-08,49.40999984741211,0.014952153155532645,0
2016-02-09,49.27999877929688,0.002631067972408346,0
2016-02-10,49.709999084472656,0.00872565575948071,1
2016-02-11,49.68999862670898,0.0004023427505941414,0
2016-02-12,50.5,0.01630109470068766,1
2016-02-16,51.09000015258789,0.011683171338374071,1
2016-02-17,52.41999816894531,0.026032452777161576,1
2016-02-18,52.18999862670898,0.0043876297266372604,0
2016-02-19,51.81999969482422,0.00708946046408605,0
2016-02-22,52.6500015258789,0.016017017289515365,1
2016-02-23,51.18000030517578,0.02792025029630004,0
2016-02-24,51.36000061035156,0.0035170047694895773,1
2016-02-25,52.099998474121094,0.01440805792397879,1
2016-02-26,51.29999923706055,0.015355072178321067,0
2016-02-29,50.88000106811523,0.008187098931609755,0
2016-03-01,52.58000183105469,0.033411963979002215,1
2016-03-02,52.95000076293945,0.007036875599084473,1
2016-03-03,52.349998474121094,0.011331487821966389,0
2016-03-04,52.02999877929688,0.006112697309483239,0
2016-03-07,51.02999877929688,0.019219681404219202,0
2016-03-08,51.6500015258789,0.012149769966946484,1
2016-03-09,52.84000015258789,0.023039662953596437,1
2016-03-10,52.04999923706055,0.01495081213561754,0
2016-03-11,53.06999969482422,0.019596550868677304,1
2016-03-14,53.16999816894531,0.0018842750084064226,1
2016-03-15,53.59000015258789,0.00789922885285872,1
2016-03-16,54.349998474121094,0.014181718965651138,1
2016-03-17,54.65999984741211,0.005703797276804408,1
2016-03-18,53.4900016784668,0.02140501595703364,0
2016-03-21,53.86000061035156,0.0069171605958972,1
2016-03-22,54.06999969482422,0.003898980358204744,1
2016-03-23,53.97000122070313,0.0018494262009522235,0
2016-03-24,54.209999084472656,0.004446875270357783,1
2016-03-28,53.540000915527344,0.012359309726260809,0
2016-03-29,54.709999084472656,0.02185278574782386,1
2016-03-30,55.04999923706055,0.006214588891930483,1
2016-03-31,55.22999954223633,0.0032697603573189904,1
2016-04-01,55.56999969482422,0.0061560774109346225,1
2016-04-04,55.43000030517578,0.0025193340006708156,0
2016-04-05,54.56000137329102,0.01569545241015491,0
2016-04-06,55.11999893188477,0.010263884613241375,1
2016-04-07,54.459999084472656,0.011973872645166767,0
2016-04-08,54.41999816894531,0.0007345008483253647,0
2016-04-11,54.31000137329102,0.002021256879002603,0
2016-04-12,54.6500015258789,0.0062603598598891625,1
2016-04-13,55.349998474121094,0.01280872696610482,1
2016-04-14,55.36000061035156,0.00018070707328285207,1
2016-04-15,55.6500015258789,0.005238455786308471,1
2016-04-18,56.459999084472656,0.014555211794865526,1
2016-04-19,56.38999938964844,0.0012398104137318294,0
2016-04-20,55.59000015258789,0.014186899197012643,0
2016-04-21,55.77999877929688,0.0034178562005300955,1
2016-04-22,51.77999877929688,0.07171029199600173,0
2016-04-25,52.11000061035156,0.006373152546048814,1
2016-04-26,51.43999862670898,0.012857454918346143,0
2016-04-27,50.93999862670898,0.00972006246789414,0
2016-04-28,49.9000015258789,0.020416119530179657,0
2016-04-29,49.86999893188477,0.0006012543702742497,0
2016-05-02,50.61000061035156,0.014838614283459789,1
2016-05-03,49.77999877929688,0.01639995694615572,0
2016-05-04,49.86999893188477,0.0018079581115884036,1
2016-05-05,49.93999862670898,0.0014036433993073476,1
2016-05-06,50.38999938964844,0.009010828500479578,1
2016-05-09,50.06999969482422,0.00635046038301711,0
2016-05-10,51.02000045776367,0.018973452541036377,1
2016-05-11,51.04999923706055,0.0005879807727894701,1
2016-05-12,51.5099983215332,0.009010755951955288,1
2016-05-13,51.08000183105469,0.008347825752088216,0
2016-05-16,51.83000183105469,0.01468284990436372,1
2016-05-17,50.5099983215332,0.025467942560067312,0
2016-05-18,50.81000137329102,0.005939478553297113,1
2016-05-19,50.31999969482422,0.00964380368476786,0
2016-05-20,50.61999893188477,0.005961829071541332,1
2016-05-23,50.02999877929688,0.011655475405714764,0
2016-05-24,51.59000015258789,0.031181319435421594,1
2016-05-25,52.11999893188477,0.010273285088763389,1
2016-05-26,51.88999938964844,0.004412884630656265,0
2016-05-27,52.31999969482422,0.008286766433486647,1
2016-05-31,53.0,0.012996947804704414,1
2016-06-01,52.849998474121094,0.0028302174694133254,0
2016-06-02,52.47999954223633,0.007000926065607021,0
2016-06-03,51.790000915527344,0.013147839800449463,0
2016-06-06,52.13000106811523,0.006564976763418957,1
2016-06-07,52.099998474121094,0.000575534114317989,0
2016-06-08,52.040000915527344,0.0011515846516493037,0
2016-06-09,51.61999893188477,0.008070752810406921,0
2016-06-10,51.47999954223633,0.0027121153147093425,0
2016-06-13,50.13999938964844,0.026029529225005118,0
2016-06-14,49.83000183105469,0.0061826398557505765,0
2016-06-15,49.68999862670898,0.002809616680737476,0
2016-06-16,50.38999938964844,0.014087357260726534,1
2016-06-17,50.13000106811523,0.005159720672404323,0
2016-06-20,50.06999969482422,0.0011969154600551543,0
2016-06-21,51.18999862670898,0.022368662646517528,1
2016-06-22,50.9900016784668,0.003906953577018259,0
2016-06-23,51.90999984741211,0.018042716977078075,1
2016-06-24,49.83000183105469,0.040069312704132415,0
2016-06-27,48.43000030517578,0.028095554373558294,0
2016-06-28,49.43999862670898,0.020854807251059548,1
2016-06-29,50.540000915527344,0.02224923785139654,1
2016-06-30,51.16999816894531,0.012465319390693074,1
2016-07-01,51.15999984741211,0.0001953942132300296,0
2016-07-05,51.16999816894531,0.00019543239958998715,1
2016-07-06,51.38000106811523,0.004104023972730254,1
2016-07-07,51.38000106811523,0.0,0
2016-07-08,52.29999923706055,0.017905763912415346,1
2016-07-11,52.59000015258789,0.005544950664585189,1
2016-07-12,53.209999084472656,0.011789293213269866,1
2016-07-13,53.5099983215332,0.0056380237215243705,1
2016-07-14,53.7400016784668,0.00429832487662473,1
2016-07-15,53.70000076293945,0.0007443415384814141,0
2016-07-18,53.959999084472656,0.004841681896448659,1
2016-07-19,53.09000015258789,0.01612303459314019,0
2016-07-20,55.90999984741211,0.053117341998853936,1
2016-07-21,55.79999923706055,0.001967458605826737,0
2016-07-22,56.56999969482422,0.013799291546446161,1
2016-07-25,56.72999954223633,0.0028283515692991653,1
2016-07-26,56.7599983215332,0.0005287992162689947,1
2016-07-27,56.18999862670898,0.010042278218461176,0
2016-07-28,56.209999084472656,0.0003559433752000858,1
2016-07-29,56.68000030517578,0.00836152336520776,1
2016-08-01,56.58000183105469,0.0017642638246768377,0
2016-08-02,56.58000183105469,0.0,0
2016-08-03,56.97000122070313,0.006892884005429428,1
2016-08-04,57.38999938964844,0.007372268912514545,1
2016-08-05,57.959999084472656,0.009932038698139991,1
2016-08-08,58.06000137329102,0.0017253673291578234,1
2016-08-09,58.20000076293945,0.002411288087100071,1
2016-08-10,58.02000045776367,0.0030927887081816275,0
2016-08-11,58.29999923706055,0.004825901018403186,1
2016-08-12,57.93999862670898,0.006174967668313826,0
2016-08-15,58.11999893188477,0.0031066674049387974,1
2016-08-16,57.43999862670898,0.011699936642681968,0
2016-08-17,57.56000137329102,0.0020891843567392683,1
2016-08-18,57.599998474121094,0.000694876648294009,1
2016-08-19,57.61999893188477,0.00034723017870677406,1
2016-08-22,57.66999816894531,0.0008677410272021377,1
2016-08-23,57.88999938964844,0.0038148296807401904,1
2016-08-24,57.95000076293945,0.0010364721700402149,1
2016-08-25,58.16999816894531,0.0037963313737616636,1
2016-08-26,58.02999877929688,0.002406728452041977,0
2016-08-29,58.099998474121094,0.0012062673840549027,1
2016-08-30,57.88999938964844,0.0036144421684657026,0
2016-08-31,57.459999084472656,0.0074278858129107435,0
2016-09-01,57.59000015258789,0.0022624620638110036,1
2016-09-02,57.66999816894531,0.0013890956094020266,1
2016-09-06,57.61000061035156,0.001040359987839536,0
2016-09-07,57.65999984741211,0.000867891625253044,1
2016-09-08,57.43000030517578,0.0039888925224589806,0
2016-09-09,56.209999084472656,0.021243273798018325,0
2016-09-12,57.04999923706055,0.01494396310744525,1
2016-09-13,56.52999877929688,0.009114819714596325,0
2016-09-14,56.2599983215332,0.004776233214117137,0
2016-09-15,57.18999862670898,0.016530400514068656,1
2016-09-16,57.25,0.0010491585020427118,1
2016-09-19,56.93000030517578,0.00558951432007369,0
2016-09-20,56.81000137329102,0.0021078329745564542,0
2016-09-21,57.7599983215332,0.016722353903846538,1
2016-09-22,57.81999969482422,0.00103880496943586,1
2016-09-23,57.43000030517578,0.006745060389257464,0
2016-09-26,56.9000015258789,0.00922860484904293,0
2016-09-27,57.95000076293945,0.018453413161737788,1
2016-09-28,58.02999877929688,0.0013804661829890745,1
2016-09-29,57.4000015258789,0.01085640645649547,0
2016-09-30,57.599998474121094,0.00348426729835583,1
2016-10-03,57.41999816894531,0.003125005380975018,0
2016-10-04,57.2400016784668,0.003134735218014407,0
2016-10-05,57.63999938964844,0.006988080004409161,1
2016-10-06,57.7400016784668,0.0017349460422846357,1
2016-10-07,57.79999923706055,0.0010390986638319603,1
2016-10-10,58.040000915527344,0.004152278228974632,1
2016-10-11,57.18999862670898,0.014645111568062825,0
2016-10-12,57.11000061035156,0.0013988113005488681,0
2016-10-13,56.91999816894531,0.003326955688594596,0
2016-10-14,57.41999816894531,0.00878425889115352,1
2016-10-17,57.22000122070313,0.003483053894459118,0
2016-10-18,57.65999984741211,0.007689594850092009,1
2016-10-19,57.52999877929688,0.0022546144373786704,0
2016-10-20,57.25,0.004867004784252564,0
2016-10-21,59.65999984741211,0.04209606720370497,1
2016-10-24,61.0,0.02246061273910674,1
2016-10-25,60.9900016784668,0.00016390691038037909,0
2016-10-26,60.63000106811523,0.005902616829713448,0
2016-10-27,60.099998474121094,0.008741589718903322,0
2016-10-28,59.86999893188477,0.0038269475553374304,0
2016-10-31,59.91999816894531,0.000835130081051527,1
2016-11-01,59.79999923706055,0.0020026524624788353,0
2016-11-02,59.43000030517578,0.006187273187379272,0
2016-11-03,59.209999084472656,0.003701854611701306,0
2016-11-04,58.709999084472656,0.008444519637412407,0
2016-11-07,60.41999816894531,0.029126198452367354,1
2016-11-08,60.47000122070313,0.0008275910836342956,1
2016-11-09,60.16999816894531,0.004961188121410315,0
2016-11-10,58.70000076293945,0.02443073709057462,0
2016-11-11,59.02000045776367,0.00545144277112603,1
2016-11-14,58.11999893188477,0.015249093847821383,0
2016-11-15,58.86999893188477,0.012904336094000652,1
2016-11-16,59.6500015258789,0.013249577172519136,1
2016-11-17,60.63999938964844,0.016596778515421025,1
2016-11-18,60.349998474121094,0.00478233704561759,0
2016-11-21,60.86000061035156,0.008450739836375716,1
2016-11-22,61.11999893188477,0.0042720722794239935,1
2016-11-23,60.4000015258789,0.01178006247690343,0
2016-11-25,60.52999877929688,0.0021522723532098674,1
2016-11-28,60.61000061035156,0.001321688958666285,1
2016-11-29,61.09000015258789,0.007919477601099862,1
2016-11-30,60.2599983215332,0.013586541643174755,0
2016-12-01,59.20000076293945,0.017590401395928556,0
2016-12-02,59.25,0.0008445816962192935,1
2016-12-05,60.22000122070313,0.016371328619462146,1
2016-12-06,59.95000076293945,0.00448356778961431,0
2016-12-07,61.36999893188477,0.023686374493311926,1
2016-12-08,61.0099983215332,0.00586606838222595,0
2016-12-09,61.97000122070313,0.015735173341761922,1
2016-12-12,62.16999816894531,0.0032273187720281145,1
2016-12-13,62.97999954223633,0.013028814494892833,1
2016-12-14,62.68000030517578,0.004763404878390927,0
2016-12-15,62.58000183105469,0.0015953808812096705,0
2016-12-16,62.29999923706055,0.0044743142505820795,0
2016-12-19,63.61999893188477,0.02118779632406471,1
2016-12-20,63.540000915527344,0.0012574350471630698,0
2016-12-21,63.540000915527344,0.0,0
2016-12-22,63.54999923706055,0.00015735475903589142,1
2016-12-23,63.2400016784668,0.004878010421957146,0
2016-12-27,63.27999877929688,0.0006324652082307619,1
2016-12-28,62.9900016784668,0.004582760847412701,0
2016-12-29,62.9000015258789,0.0014288006062820027,0
2016-12-30,62.13999938964844,0.012082704575416815,0
